USE [SchoolRules]
GO
SET IDENTITY_INSERT [dbo].[ClassGroup] ON 

INSERT [dbo].[ClassGroup] ([ClassGroupID], [ClassGroupName], [Hall], [Status]) VALUES (1, N'Khối 10', N'1', N'Active')
INSERT [dbo].[ClassGroup] ([ClassGroupID], [ClassGroupName], [Hall], [Status]) VALUES (2, N'Khối 11', N'2', N'Active')
INSERT [dbo].[ClassGroup] ([ClassGroupID], [ClassGroupName], [Hall], [Status]) VALUES (4, N'Khối 12', N'3', N'Active')
SET IDENTITY_INSERT [dbo].[ClassGroup] OFF
GO
SET IDENTITY_INSERT [dbo].[HighSchool] ON 

INSERT [dbo].[HighSchool] ([SchoolID], [Code], [Name], [Address], [Phone], [ImageURL], [WebURL], [Status]) VALUES (2, N'HC001', N'Trường THPT Trần Hưng Đạo', N'Khánh Hòa', N'0987654321', NULL, NULL, N'Active')
INSERT [dbo].[HighSchool] ([SchoolID], [Code], [Name], [Address], [Phone], [ImageURL], [WebURL], [Status]) VALUES (4, N'HC002', N'Trường THPT Ngô Gia Tự', N'Phú Yên', N'0123456789', NULL, NULL, N'Active')
INSERT [dbo].[HighSchool] ([SchoolID], [Code], [Name], [Address], [Phone], [ImageURL], [WebURL], [Status]) VALUES (5, N'HC003', N'Trường THPT Phan Bội Châu', N'Quảng Ngãi', N'0123456788', NULL, NULL, N'Active')
INSERT [dbo].[HighSchool] ([SchoolID], [Code], [Name], [Address], [Phone], [ImageURL], [WebURL], [Status]) VALUES (7, N'HC004', N'Trường THPT Lê Hồng Phong', N'Hồ Chí Minh', N'01234567', NULL, NULL, N'Active')
INSERT [dbo].[HighSchool] ([SchoolID], [Code], [Name], [Address], [Phone], [ImageURL], [WebURL], [Status]) VALUES (11, N'HC005', N'Trường THPT Trần Đại Nghĩa', N'Thừa Thiên Huế', N'1234565678', NULL, NULL, N'Active')
SET IDENTITY_INSERT [dbo].[HighSchool] OFF
GO
SET IDENTITY_INSERT [dbo].[Penalty] ON 

INSERT [dbo].[Penalty] ([PenaltyID], [SchoolID], [Code], [Name], [Description]) VALUES (10, 2, N'HP', N'Trừ điểm và nhắc nhở', NULL)
INSERT [dbo].[Penalty] ([PenaltyID], [SchoolID], [Code], [Name], [Description]) VALUES (12, 2, N'HP', N'Học sinh viết bản kiểm điểm, đưa cho GVCN xác nhận', NULL)
INSERT [dbo].[Penalty] ([PenaltyID], [SchoolID], [Code], [Name], [Description]) VALUES (14, 2, N'HP', N'Lập biên bản+mời phụ huynh làm việc', NULL)
INSERT [dbo].[Penalty] ([PenaltyID], [SchoolID], [Code], [Name], [Description]) VALUES (15, 2, N'HP', N'Giám thị lập hồ sơ đề đưa ra trước hội đồng kỷ luật nhà trường, khiển trách trước cờ', NULL)
INSERT [dbo].[Penalty] ([PenaltyID], [SchoolID], [Code], [Name], [Description]) VALUES (16, 2, N'HP', N' Lập biên bản mời phụ huynh làm việc + khiển trách trước lớp, cờ', NULL)
INSERT [dbo].[Penalty] ([PenaltyID], [SchoolID], [Code], [Name], [Description]) VALUES (18, 2, N'HP', N'Đình chỉ học có thời hạn, mời công an làm việc', NULL)
INSERT [dbo].[Penalty] ([PenaltyID], [SchoolID], [Code], [Name], [Description]) VALUES (19, 2, N'HP', N'Nhắc nhở ', NULL)
INSERT [dbo].[Penalty] ([PenaltyID], [SchoolID], [Code], [Name], [Description]) VALUES (20, 2, N'HP', N'Trừ điểm', NULL)
INSERT [dbo].[Penalty] ([PenaltyID], [SchoolID], [Code], [Name], [Description]) VALUES (21, 2, N'HP', N'Viết bản kiểm điểm', NULL)
INSERT [dbo].[Penalty] ([PenaltyID], [SchoolID], [Code], [Name], [Description]) VALUES (22, 2, N'HP', N'Học sinh viết bản kiểm điểm, đưa cho GVCN xác nhận', NULL)
INSERT [dbo].[Penalty] ([PenaltyID], [SchoolID], [Code], [Name], [Description]) VALUES (25, 2, N'HP', N'Lập biên bản, mời phụ huynh làm việc', NULL)
INSERT [dbo].[Penalty] ([PenaltyID], [SchoolID], [Code], [Name], [Description]) VALUES (26, 2, N'HP', N'Giám thị lập hồ sơ đề đưa ra trước hội đồng kỷ luật nhà trường, khiển trách trước cờ', NULL)
INSERT [dbo].[Penalty] ([PenaltyID], [SchoolID], [Code], [Name], [Description]) VALUES (27, 2, N'HP', N'Lập biên bản tại chỗ + hạ hạnh kiểm + khiển trách trước lớp', NULL)
INSERT [dbo].[Penalty] ([PenaltyID], [SchoolID], [Code], [Name], [Description]) VALUES (28, 2, N'HP', N'Tham gia khóa học đạo đức', NULL)
INSERT [dbo].[Penalty] ([PenaltyID], [SchoolID], [Code], [Name], [Description]) VALUES (29, 2, N'HP', N' Phụ trách dọn vệ sinh trường', NULL)
SET IDENTITY_INSERT [dbo].[Penalty] OFF
GO
SET IDENTITY_INSERT [dbo].[SchoolYear] ON 

INSERT [dbo].[SchoolYear] ([SchoolYearID], [SchoolID], [Year], [StartDate], [EndDate], [Status]) VALUES (3, 2, 2020, CAST(N'2020-09-06' AS Date), CAST(N'2020-12-31' AS Date), N'Active')
INSERT [dbo].[SchoolYear] ([SchoolYearID], [SchoolID], [Year], [StartDate], [EndDate], [Status]) VALUES (5, 4, 2020, CAST(N'2020-09-06' AS Date), CAST(N'2020-12-31' AS Date), N'Active')
INSERT [dbo].[SchoolYear] ([SchoolYearID], [SchoolID], [Year], [StartDate], [EndDate], [Status]) VALUES (6, 5, 2020, CAST(N'2020-09-06' AS Date), CAST(N'2020-12-31' AS Date), N'Active')
INSERT [dbo].[SchoolYear] ([SchoolYearID], [SchoolID], [Year], [StartDate], [EndDate], [Status]) VALUES (8, 7, 2020, CAST(N'2020-09-06' AS Date), CAST(N'2020-12-31' AS Date), N'Active')
INSERT [dbo].[SchoolYear] ([SchoolYearID], [SchoolID], [Year], [StartDate], [EndDate], [Status]) VALUES (9, 11, 2020, CAST(N'2020-09-06' AS Date), CAST(N'2020-12-31' AS Date), N'Active')
SET IDENTITY_INSERT [dbo].[SchoolYear] OFF
GO
SET IDENTITY_INSERT [dbo].[Student] ON 

INSERT [dbo].[Student] ([StudentID], [SchoolID], [Code], [Name], [Sex], [Birthday], [Address], [Phone]) VALUES (1, 2, N'HS0001', N'Nguyễn Văn An
', 1, NULL, N'abc123xyz', N'012345')
INSERT [dbo].[Student] ([StudentID], [SchoolID], [Code], [Name], [Sex], [Birthday], [Address], [Phone]) VALUES (2, 4, N'HS0002', N'Trần Thị Bích
', 0, NULL, N'abc123xyz', N'012345')
INSERT [dbo].[Student] ([StudentID], [SchoolID], [Code], [Name], [Sex], [Birthday], [Address], [Phone]) VALUES (3, 5, N'HS0003', N'Lê Hồng Phúc
', 1, NULL, N'abc123xyz', N'012345')
INSERT [dbo].[Student] ([StudentID], [SchoolID], [Code], [Name], [Sex], [Birthday], [Address], [Phone]) VALUES (4, 2, N'HS0004', N'Phạm Thị Thu Trang
', 0, NULL, N'abc123xyz', N'012345')
INSERT [dbo].[Student] ([StudentID], [SchoolID], [Code], [Name], [Sex], [Birthday], [Address], [Phone]) VALUES (5, 4, N'HS0005', N'Hoàng Văn Khải
', 1, NULL, N'abc123xyz', N'012345')
INSERT [dbo].[Student] ([StudentID], [SchoolID], [Code], [Name], [Sex], [Birthday], [Address], [Phone]) VALUES (6, 2, N'HS0006', N'Đặng Thị Như Quỳnh
', 0, NULL, N'abc123xyz', N'012345')
INSERT [dbo].[Student] ([StudentID], [SchoolID], [Code], [Name], [Sex], [Birthday], [Address], [Phone]) VALUES (7, 4, N'HS0007', N'Bùi Thanh Tùng
', 1, NULL, N'abc123xyz', N'012345')
INSERT [dbo].[Student] ([StudentID], [SchoolID], [Code], [Name], [Sex], [Birthday], [Address], [Phone]) VALUES (8, 5, N'HS0008', N'Võ Thị Minh Hằng
', 0, NULL, N'abc123xyz', N'012345')
INSERT [dbo].[Student] ([StudentID], [SchoolID], [Code], [Name], [Sex], [Birthday], [Address], [Phone]) VALUES (9, 7, N'HS0009', N'Dương Văn Bình
', 1, NULL, N'abc123xyz', N'012345')
INSERT [dbo].[Student] ([StudentID], [SchoolID], [Code], [Name], [Sex], [Birthday], [Address], [Phone]) VALUES (10, 11, N'HS0010', N'Ngô Thị Hoài Anh
', 0, NULL, N'abc123xyz', N'012345')
INSERT [dbo].[Student] ([StudentID], [SchoolID], [Code], [Name], [Sex], [Birthday], [Address], [Phone]) VALUES (11, 2, N'HS0011', N'Trịnh Văn Sơn
', 1, NULL, N'abc123xyz', N'012345')
INSERT [dbo].[Student] ([StudentID], [SchoolID], [Code], [Name], [Sex], [Birthday], [Address], [Phone]) VALUES (12, 4, N'HS0012', N'Nguyễn Thị Thu Hà
', 0, NULL, N'abc123xyz', N'012345')
INSERT [dbo].[Student] ([StudentID], [SchoolID], [Code], [Name], [Sex], [Birthday], [Address], [Phone]) VALUES (13, 5, N'HS0013', N'Lương Thế Vinh
', 1, NULL, N'abc123xyz', N'012345')
INSERT [dbo].[Student] ([StudentID], [SchoolID], [Code], [Name], [Sex], [Birthday], [Address], [Phone]) VALUES (14, 7, N'HS0014', N'Mai Thị Ngọc Diệp
', 0, NULL, N'abc123xyz', N'012345')
INSERT [dbo].[Student] ([StudentID], [SchoolID], [Code], [Name], [Sex], [Birthday], [Address], [Phone]) VALUES (15, 11, N'HS0015', N'Phạm Quang Huy
', 1, NULL, N'abc123xyz', N'012345')
INSERT [dbo].[Student] ([StudentID], [SchoolID], [Code], [Name], [Sex], [Birthday], [Address], [Phone]) VALUES (16, 2, N'HS0016', N'Lý Thị Bảo Trân
', 0, NULL, N'abc123xyz', N'012345')
INSERT [dbo].[Student] ([StudentID], [SchoolID], [Code], [Name], [Sex], [Birthday], [Address], [Phone]) VALUES (17, 4, N'HS0017', N'Trần Nhật Nam
', 1, NULL, N'abc123xyz', N'012345')
INSERT [dbo].[Student] ([StudentID], [SchoolID], [Code], [Name], [Sex], [Birthday], [Address], [Phone]) VALUES (18, 5, N'HS0018', N'Lê Thị Phương Thảo
', 0, NULL, N'abc123xyz', N'012345')
INSERT [dbo].[Student] ([StudentID], [SchoolID], [Code], [Name], [Sex], [Birthday], [Address], [Phone]) VALUES (19, 7, N'HS0019', N'Đỗ Minh Hoàng
', 1, NULL, N'abc123xyz', N'012345')
INSERT [dbo].[Student] ([StudentID], [SchoolID], [Code], [Name], [Sex], [Birthday], [Address], [Phone]) VALUES (20, 11, N'HS0020', N'Vũ Thị Tuyết Mai
', 0, NULL, N'abc123xyz', N'012345')
INSERT [dbo].[Student] ([StudentID], [SchoolID], [Code], [Name], [Sex], [Birthday], [Address], [Phone]) VALUES (21, 2, N'HS0021', N'Nguyễn Tuấn Kiệt
', 1, NULL, N'abc123xyz', N'012345')
INSERT [dbo].[Student] ([StudentID], [SchoolID], [Code], [Name], [Sex], [Birthday], [Address], [Phone]) VALUES (22, 4, N'HS0022', N'Trần Thị Thanh Hương
', 0, NULL, N'abc123xyz', N'012345')
INSERT [dbo].[Student] ([StudentID], [SchoolID], [Code], [Name], [Sex], [Birthday], [Address], [Phone]) VALUES (23, 5, N'HS0023', N'Bùi Văn Khang
', 1, NULL, N'abc123xyz', N'012345')
INSERT [dbo].[Student] ([StudentID], [SchoolID], [Code], [Name], [Sex], [Birthday], [Address], [Phone]) VALUES (24, 7, N'HS0024', N'Cao Thị Bích Ngọc
', 0, NULL, N'abc123xyz', N'012345')
INSERT [dbo].[Student] ([StudentID], [SchoolID], [Code], [Name], [Sex], [Birthday], [Address], [Phone]) VALUES (25, 11, N'HS0025', N'Đặng Minh Trí
', 1, NULL, N'abc123xyz', N'012345')
INSERT [dbo].[Student] ([StudentID], [SchoolID], [Code], [Name], [Sex], [Birthday], [Address], [Phone]) VALUES (26, 2, N'HS0026', N'Phạm Thị Kim Oanh
', 0, NULL, N'abc123xyz', N'012345')
INSERT [dbo].[Student] ([StudentID], [SchoolID], [Code], [Name], [Sex], [Birthday], [Address], [Phone]) VALUES (27, 4, N'HS0027', N'Nguyễn Xuân Phúc
', 1, NULL, N'abc123xyz', N'012345')
INSERT [dbo].[Student] ([StudentID], [SchoolID], [Code], [Name], [Sex], [Birthday], [Address], [Phone]) VALUES (28, 5, N'HS0028', N'Trần Thị Quỳnh Anh
', 0, NULL, N'abc123xyz', N'012345')
INSERT [dbo].[Student] ([StudentID], [SchoolID], [Code], [Name], [Sex], [Birthday], [Address], [Phone]) VALUES (29, 7, N'HS0029', N'Đỗ Thanh Tuấn
', 1, NULL, N'abc123xyz', N'012345')
INSERT [dbo].[Student] ([StudentID], [SchoolID], [Code], [Name], [Sex], [Birthday], [Address], [Phone]) VALUES (30, 11, N'HS0030', N'Hoàng Thị Mỹ Linh
', 0, NULL, N'abc123xyz', N'012345')
INSERT [dbo].[Student] ([StudentID], [SchoolID], [Code], [Name], [Sex], [Birthday], [Address], [Phone]) VALUES (31, 2, N'HS0031', N'Võ Hoàng Nam
', 1, NULL, N'abc123xyz', N'012345')
INSERT [dbo].[Student] ([StudentID], [SchoolID], [Code], [Name], [Sex], [Birthday], [Address], [Phone]) VALUES (32, 4, N'HS0032', N'Phan Thị Bảo Châu
', 0, NULL, N'abc123xyz', N'012345')
INSERT [dbo].[Student] ([StudentID], [SchoolID], [Code], [Name], [Sex], [Birthday], [Address], [Phone]) VALUES (33, 5, N'HS0033', N'Lê Minh Tuấn
', 1, NULL, N'abc123xyz', N'012345')
INSERT [dbo].[Student] ([StudentID], [SchoolID], [Code], [Name], [Sex], [Birthday], [Address], [Phone]) VALUES (85, 2, N'HS0034', N'Trần Thị Bích Ngọc', NULL, NULL, NULL, NULL)
INSERT [dbo].[Student] ([StudentID], [SchoolID], [Code], [Name], [Sex], [Birthday], [Address], [Phone]) VALUES (86, 4, N'HS0035', N'Nguyễn Văn Long', NULL, NULL, NULL, NULL)
INSERT [dbo].[Student] ([StudentID], [SchoolID], [Code], [Name], [Sex], [Birthday], [Address], [Phone]) VALUES (87, 5, N'HS0036', N'Lê Thị Hồng Nhung', NULL, NULL, NULL, NULL)
INSERT [dbo].[Student] ([StudentID], [SchoolID], [Code], [Name], [Sex], [Birthday], [Address], [Phone]) VALUES (88, 7, N'HS0037', N'Phạm Văn Quang', NULL, NULL, NULL, NULL)
INSERT [dbo].[Student] ([StudentID], [SchoolID], [Code], [Name], [Sex], [Birthday], [Address], [Phone]) VALUES (89, 11, N'HS0038', N'Đặng Thị Kim Lan', NULL, NULL, NULL, NULL)
INSERT [dbo].[Student] ([StudentID], [SchoolID], [Code], [Name], [Sex], [Birthday], [Address], [Phone]) VALUES (90, 2, N'HS0039', N'Nguyễn Hữu Tài', NULL, NULL, NULL, NULL)
INSERT [dbo].[Student] ([StudentID], [SchoolID], [Code], [Name], [Sex], [Birthday], [Address], [Phone]) VALUES (91, 4, N'HS0040', N'Lê Thị Thu Trang', NULL, NULL, NULL, NULL)
INSERT [dbo].[Student] ([StudentID], [SchoolID], [Code], [Name], [Sex], [Birthday], [Address], [Phone]) VALUES (92, 5, N'HS0041', N'Trần Văn Minh', NULL, NULL, NULL, NULL)
INSERT [dbo].[Student] ([StudentID], [SchoolID], [Code], [Name], [Sex], [Birthday], [Address], [Phone]) VALUES (93, 7, N'HS0042', N'Nguyễn Thị Mai', NULL, NULL, NULL, NULL)
INSERT [dbo].[Student] ([StudentID], [SchoolID], [Code], [Name], [Sex], [Birthday], [Address], [Phone]) VALUES (94, 11, N'HS0043', N'Phạm Văn Tâm', NULL, NULL, NULL, NULL)
INSERT [dbo].[Student] ([StudentID], [SchoolID], [Code], [Name], [Sex], [Birthday], [Address], [Phone]) VALUES (95, 2, N'HS0044', N'Trần Văn Hưng', NULL, NULL, NULL, NULL)
INSERT [dbo].[Student] ([StudentID], [SchoolID], [Code], [Name], [Sex], [Birthday], [Address], [Phone]) VALUES (96, 4, N'HS0045', N'Võ Thị Lan Anh', NULL, NULL, NULL, NULL)
INSERT [dbo].[Student] ([StudentID], [SchoolID], [Code], [Name], [Sex], [Birthday], [Address], [Phone]) VALUES (97, 5, N'HS0046', N'Phan Văn Bình', NULL, NULL, NULL, NULL)
INSERT [dbo].[Student] ([StudentID], [SchoolID], [Code], [Name], [Sex], [Birthday], [Address], [Phone]) VALUES (98, 7, N'HS0047', N'Lê Thị Kim Chi', NULL, NULL, NULL, NULL)
INSERT [dbo].[Student] ([StudentID], [SchoolID], [Code], [Name], [Sex], [Birthday], [Address], [Phone]) VALUES (99, 11, N'HS0048', N'Đinh Văn Hoàng', NULL, NULL, NULL, NULL)
INSERT [dbo].[Student] ([StudentID], [SchoolID], [Code], [Name], [Sex], [Birthday], [Address], [Phone]) VALUES (100, 2, N'HS0049', N'Nguyễn Thị Thanh', NULL, NULL, NULL, NULL)
INSERT [dbo].[Student] ([StudentID], [SchoolID], [Code], [Name], [Sex], [Birthday], [Address], [Phone]) VALUES (101, 4, N'HS0050', N'Phạm Văn Kiên', NULL, NULL, NULL, NULL)
INSERT [dbo].[Student] ([StudentID], [SchoolID], [Code], [Name], [Sex], [Birthday], [Address], [Phone]) VALUES (102, 5, N'HS0051', N'Lê Thị Xuân', NULL, NULL, NULL, NULL)
INSERT [dbo].[Student] ([StudentID], [SchoolID], [Code], [Name], [Sex], [Birthday], [Address], [Phone]) VALUES (103, 7, N'HS0052', N'Trần Văn Thắng', NULL, NULL, NULL, NULL)
INSERT [dbo].[Student] ([StudentID], [SchoolID], [Code], [Name], [Sex], [Birthday], [Address], [Phone]) VALUES (104, 11, N'HS0053', N'Phan Thị Minh', NULL, NULL, NULL, NULL)
INSERT [dbo].[Student] ([StudentID], [SchoolID], [Code], [Name], [Sex], [Birthday], [Address], [Phone]) VALUES (105, 2, N'HS0054', N'Nguyễn Hữu Hưng', NULL, NULL, NULL, NULL)
INSERT [dbo].[Student] ([StudentID], [SchoolID], [Code], [Name], [Sex], [Birthday], [Address], [Phone]) VALUES (106, 4, N'HS0055', N'Lê Thị Thu Hiền', NULL, NULL, NULL, NULL)
INSERT [dbo].[Student] ([StudentID], [SchoolID], [Code], [Name], [Sex], [Birthday], [Address], [Phone]) VALUES (107, 5, N'HS0056', N'Trần Văn Hải', NULL, NULL, NULL, NULL)
INSERT [dbo].[Student] ([StudentID], [SchoolID], [Code], [Name], [Sex], [Birthday], [Address], [Phone]) VALUES (108, 7, N'HS0057', N'Nguyễn Thị Thu', NULL, NULL, NULL, NULL)
INSERT [dbo].[Student] ([StudentID], [SchoolID], [Code], [Name], [Sex], [Birthday], [Address], [Phone]) VALUES (109, 11, N'HS0058', N'Phạm Văn Long', NULL, NULL, NULL, NULL)
INSERT [dbo].[Student] ([StudentID], [SchoolID], [Code], [Name], [Sex], [Birthday], [Address], [Phone]) VALUES (110, 2, N'HS0059', N'Trần Thị Thu Nguyệt', NULL, NULL, NULL, NULL)
INSERT [dbo].[Student] ([StudentID], [SchoolID], [Code], [Name], [Sex], [Birthday], [Address], [Phone]) VALUES (111, 4, N'HS0060', N'Võ Văn Đức', NULL, NULL, NULL, NULL)
INSERT [dbo].[Student] ([StudentID], [SchoolID], [Code], [Name], [Sex], [Birthday], [Address], [Phone]) VALUES (112, 5, N'HS0061', N'Phan Thị Hạnh', NULL, NULL, NULL, NULL)
INSERT [dbo].[Student] ([StudentID], [SchoolID], [Code], [Name], [Sex], [Birthday], [Address], [Phone]) VALUES (113, 7, N'HS0062', N'Lê Văn Tuấn', NULL, NULL, NULL, NULL)
INSERT [dbo].[Student] ([StudentID], [SchoolID], [Code], [Name], [Sex], [Birthday], [Address], [Phone]) VALUES (114, 11, N'HS0063', N'Đặng Thị Lan', NULL, NULL, NULL, NULL)
INSERT [dbo].[Student] ([StudentID], [SchoolID], [Code], [Name], [Sex], [Birthday], [Address], [Phone]) VALUES (115, 2, N'HS0064', N'Nguyễn Văn Phúc', NULL, NULL, NULL, NULL)
INSERT [dbo].[Student] ([StudentID], [SchoolID], [Code], [Name], [Sex], [Birthday], [Address], [Phone]) VALUES (116, 4, N'HS0065', N'Trần Thị Kim Hoa', NULL, NULL, NULL, NULL)
INSERT [dbo].[Student] ([StudentID], [SchoolID], [Code], [Name], [Sex], [Birthday], [Address], [Phone]) VALUES (117, 5, N'HS0066', N'Lê Văn Tâm', NULL, NULL, NULL, NULL)
INSERT [dbo].[Student] ([StudentID], [SchoolID], [Code], [Name], [Sex], [Birthday], [Address], [Phone]) VALUES (118, 7, N'HS0067', N'Phạm Thị Minh', NULL, NULL, NULL, NULL)
INSERT [dbo].[Student] ([StudentID], [SchoolID], [Code], [Name], [Sex], [Birthday], [Address], [Phone]) VALUES (119, 11, N'HS0068', N'Đinh Văn Khang', NULL, NULL, NULL, NULL)
INSERT [dbo].[Student] ([StudentID], [SchoolID], [Code], [Name], [Sex], [Birthday], [Address], [Phone]) VALUES (120, 2, N'HS0069', N'Nguyễn Thị Lộc', NULL, NULL, NULL, NULL)
INSERT [dbo].[Student] ([StudentID], [SchoolID], [Code], [Name], [Sex], [Birthday], [Address], [Phone]) VALUES (121, 4, N'HS0070', N'Lê Văn Hoàng', NULL, NULL, NULL, NULL)
INSERT [dbo].[Student] ([StudentID], [SchoolID], [Code], [Name], [Sex], [Birthday], [Address], [Phone]) VALUES (122, 5, N'HS0071', N'Trần Thị Mai', NULL, NULL, NULL, NULL)
INSERT [dbo].[Student] ([StudentID], [SchoolID], [Code], [Name], [Sex], [Birthday], [Address], [Phone]) VALUES (123, 7, N'HS0072', N'Phạm Văn An', NULL, NULL, NULL, NULL)
INSERT [dbo].[Student] ([StudentID], [SchoolID], [Code], [Name], [Sex], [Birthday], [Address], [Phone]) VALUES (124, 11, N'HS0073', N'Nguyễn Thị Thảo', NULL, NULL, NULL, NULL)
INSERT [dbo].[Student] ([StudentID], [SchoolID], [Code], [Name], [Sex], [Birthday], [Address], [Phone]) VALUES (125, 2, N'HS0074', N'Trần Văn Tuấn', NULL, NULL, NULL, NULL)
INSERT [dbo].[Student] ([StudentID], [SchoolID], [Code], [Name], [Sex], [Birthday], [Address], [Phone]) VALUES (126, 4, N'HS0075', N'Lê Thị Thu Hằng', NULL, NULL, NULL, NULL)
INSERT [dbo].[Student] ([StudentID], [SchoolID], [Code], [Name], [Sex], [Birthday], [Address], [Phone]) VALUES (127, 5, N'HS0076', N'Phan Văn Lâm', NULL, NULL, NULL, NULL)
INSERT [dbo].[Student] ([StudentID], [SchoolID], [Code], [Name], [Sex], [Birthday], [Address], [Phone]) VALUES (128, 7, N'HS0077', N'Lê Thị Xuân Mai', NULL, NULL, NULL, NULL)
INSERT [dbo].[Student] ([StudentID], [SchoolID], [Code], [Name], [Sex], [Birthday], [Address], [Phone]) VALUES (129, 11, N'HS0078', N'Phạm Văn Hùng', NULL, NULL, NULL, NULL)
INSERT [dbo].[Student] ([StudentID], [SchoolID], [Code], [Name], [Sex], [Birthday], [Address], [Phone]) VALUES (130, 2, N'HS0079', N'Trần Thị Ngọc', NULL, NULL, NULL, NULL)
INSERT [dbo].[Student] ([StudentID], [SchoolID], [Code], [Name], [Sex], [Birthday], [Address], [Phone]) VALUES (131, 4, N'HS0080', N'Nguyễn Văn Khoa', NULL, NULL, NULL, NULL)
INSERT [dbo].[Student] ([StudentID], [SchoolID], [Code], [Name], [Sex], [Birthday], [Address], [Phone]) VALUES (132, 5, N'HS0081', N'Lê Thị Phương', NULL, NULL, NULL, NULL)
INSERT [dbo].[Student] ([StudentID], [SchoolID], [Code], [Name], [Sex], [Birthday], [Address], [Phone]) VALUES (133, 7, N'HS0082', N'Phạm Văn Lộc', NULL, NULL, NULL, NULL)
INSERT [dbo].[Student] ([StudentID], [SchoolID], [Code], [Name], [Sex], [Birthday], [Address], [Phone]) VALUES (134, 11, N'HS0083', N'Nguyễn Thị Thanh', NULL, NULL, NULL, NULL)
INSERT [dbo].[Student] ([StudentID], [SchoolID], [Code], [Name], [Sex], [Birthday], [Address], [Phone]) VALUES (135, 2, N'HS0084', N'Trần Thị Hoa', NULL, NULL, NULL, NULL)
INSERT [dbo].[Student] ([StudentID], [SchoolID], [Code], [Name], [Sex], [Birthday], [Address], [Phone]) VALUES (136, 4, N'HS0085', N'Nguyễn Văn Khôi', NULL, NULL, NULL, NULL)
INSERT [dbo].[Student] ([StudentID], [SchoolID], [Code], [Name], [Sex], [Birthday], [Address], [Phone]) VALUES (137, 5, N'HS0086', N'Lê Thị Diệu Linh', NULL, NULL, NULL, NULL)
INSERT [dbo].[Student] ([StudentID], [SchoolID], [Code], [Name], [Sex], [Birthday], [Address], [Phone]) VALUES (138, 7, N'HS0087', N'Phạm Văn Đại', NULL, NULL, NULL, NULL)
INSERT [dbo].[Student] ([StudentID], [SchoolID], [Code], [Name], [Sex], [Birthday], [Address], [Phone]) VALUES (139, 11, N'HS0088', N'Đặng Thị Phương', NULL, NULL, NULL, NULL)
INSERT [dbo].[Student] ([StudentID], [SchoolID], [Code], [Name], [Sex], [Birthday], [Address], [Phone]) VALUES (140, 2, N'HS0089', N'Nguyễn Hữu Nam', NULL, NULL, NULL, NULL)
INSERT [dbo].[Student] ([StudentID], [SchoolID], [Code], [Name], [Sex], [Birthday], [Address], [Phone]) VALUES (141, 4, N'HS0090', N'Lê Thị Lan', NULL, NULL, NULL, NULL)
INSERT [dbo].[Student] ([StudentID], [SchoolID], [Code], [Name], [Sex], [Birthday], [Address], [Phone]) VALUES (142, 5, N'HS0091', N'Trần Văn Quân', NULL, NULL, NULL, NULL)
INSERT [dbo].[Student] ([StudentID], [SchoolID], [Code], [Name], [Sex], [Birthday], [Address], [Phone]) VALUES (143, 7, N'HS0092', N'Nguyễn Thị Lệ', NULL, NULL, NULL, NULL)
INSERT [dbo].[Student] ([StudentID], [SchoolID], [Code], [Name], [Sex], [Birthday], [Address], [Phone]) VALUES (144, 11, N'HS0093', N'Phạm Văn Dũng', NULL, NULL, NULL, NULL)
INSERT [dbo].[Student] ([StudentID], [SchoolID], [Code], [Name], [Sex], [Birthday], [Address], [Phone]) VALUES (145, 2, N'HS0094', N'Trần Văn Bình', NULL, NULL, NULL, NULL)
INSERT [dbo].[Student] ([StudentID], [SchoolID], [Code], [Name], [Sex], [Birthday], [Address], [Phone]) VALUES (146, 4, N'HS0095', N'Võ Thị Mai', NULL, NULL, NULL, NULL)
INSERT [dbo].[Student] ([StudentID], [SchoolID], [Code], [Name], [Sex], [Birthday], [Address], [Phone]) VALUES (147, 5, N'HS0096', N'Phan Văn Hoàng', NULL, NULL, NULL, NULL)
INSERT [dbo].[Student] ([StudentID], [SchoolID], [Code], [Name], [Sex], [Birthday], [Address], [Phone]) VALUES (148, 7, N'HS0097', N'Lê Thị Kim Ngân', NULL, NULL, NULL, NULL)
INSERT [dbo].[Student] ([StudentID], [SchoolID], [Code], [Name], [Sex], [Birthday], [Address], [Phone]) VALUES (149, 11, N'HS0098', N'Đinh Văn Đức', NULL, NULL, NULL, NULL)
INSERT [dbo].[Student] ([StudentID], [SchoolID], [Code], [Name], [Sex], [Birthday], [Address], [Phone]) VALUES (150, 2, N'HS0099', N'Nguyễn Thị Huyền', NULL, NULL, NULL, NULL)
GO
INSERT [dbo].[Student] ([StudentID], [SchoolID], [Code], [Name], [Sex], [Birthday], [Address], [Phone]) VALUES (151, 4, N'HS0100', N'Phạm Văn Hải', NULL, NULL, NULL, NULL)
INSERT [dbo].[Student] ([StudentID], [SchoolID], [Code], [Name], [Sex], [Birthday], [Address], [Phone]) VALUES (152, 5, N'HS0101', N'Lê Thị Thu Thủy', NULL, NULL, NULL, NULL)
INSERT [dbo].[Student] ([StudentID], [SchoolID], [Code], [Name], [Sex], [Birthday], [Address], [Phone]) VALUES (153, 7, N'HS0102', N'Trần Văn Cường', NULL, NULL, NULL, NULL)
INSERT [dbo].[Student] ([StudentID], [SchoolID], [Code], [Name], [Sex], [Birthday], [Address], [Phone]) VALUES (154, 11, N'HS0103', N'Phan Thị Mai', NULL, NULL, NULL, NULL)
INSERT [dbo].[Student] ([StudentID], [SchoolID], [Code], [Name], [Sex], [Birthday], [Address], [Phone]) VALUES (155, 2, N'HS0104', N'Nguyễn Hữu Long', NULL, NULL, NULL, NULL)
INSERT [dbo].[Student] ([StudentID], [SchoolID], [Code], [Name], [Sex], [Birthday], [Address], [Phone]) VALUES (156, 4, N'HS0105', N'Lê Thị Thùy Linh', NULL, NULL, NULL, NULL)
INSERT [dbo].[Student] ([StudentID], [SchoolID], [Code], [Name], [Sex], [Birthday], [Address], [Phone]) VALUES (157, 5, N'HS0106', N'Trần Văn Phú', NULL, NULL, NULL, NULL)
INSERT [dbo].[Student] ([StudentID], [SchoolID], [Code], [Name], [Sex], [Birthday], [Address], [Phone]) VALUES (158, 7, N'HS0107', N'Nguyễn Thị Nga', NULL, NULL, NULL, NULL)
INSERT [dbo].[Student] ([StudentID], [SchoolID], [Code], [Name], [Sex], [Birthday], [Address], [Phone]) VALUES (159, 11, N'HS0108', N'Phạm Văn Khánh', NULL, NULL, NULL, NULL)
INSERT [dbo].[Student] ([StudentID], [SchoolID], [Code], [Name], [Sex], [Birthday], [Address], [Phone]) VALUES (160, 2, N'HS0109', N'Trần Thị Thanh Hà', NULL, NULL, NULL, NULL)
INSERT [dbo].[Student] ([StudentID], [SchoolID], [Code], [Name], [Sex], [Birthday], [Address], [Phone]) VALUES (161, 4, N'HS0110', N'Võ Văn Lâm', NULL, NULL, NULL, NULL)
INSERT [dbo].[Student] ([StudentID], [SchoolID], [Code], [Name], [Sex], [Birthday], [Address], [Phone]) VALUES (162, 5, N'HS0111', N'Phan Thị Minh Tâm', NULL, NULL, NULL, NULL)
INSERT [dbo].[Student] ([StudentID], [SchoolID], [Code], [Name], [Sex], [Birthday], [Address], [Phone]) VALUES (163, 7, N'HS0112', N'Lê Văn Khải', NULL, NULL, NULL, NULL)
INSERT [dbo].[Student] ([StudentID], [SchoolID], [Code], [Name], [Sex], [Birthday], [Address], [Phone]) VALUES (164, 11, N'HS0113', N'Đặng Thị Lan Anh', NULL, NULL, NULL, NULL)
INSERT [dbo].[Student] ([StudentID], [SchoolID], [Code], [Name], [Sex], [Birthday], [Address], [Phone]) VALUES (165, 2, N'HS0114', N'Nguyễn Văn Duy', NULL, NULL, NULL, NULL)
INSERT [dbo].[Student] ([StudentID], [SchoolID], [Code], [Name], [Sex], [Birthday], [Address], [Phone]) VALUES (166, 4, N'HS0115', N'Lê Thị Mai Hoa', NULL, NULL, NULL, NULL)
INSERT [dbo].[Student] ([StudentID], [SchoolID], [Code], [Name], [Sex], [Birthday], [Address], [Phone]) VALUES (167, 5, N'HS0116', N'Trần Văn Khôi', NULL, NULL, NULL, NULL)
INSERT [dbo].[Student] ([StudentID], [SchoolID], [Code], [Name], [Sex], [Birthday], [Address], [Phone]) VALUES (168, 7, N'HS0117', N'Phạm Thị Thanh', NULL, NULL, NULL, NULL)
INSERT [dbo].[Student] ([StudentID], [SchoolID], [Code], [Name], [Sex], [Birthday], [Address], [Phone]) VALUES (169, 11, N'HS0118', N'Nguyễn Thị Ngọc Lan', NULL, NULL, NULL, NULL)
INSERT [dbo].[Student] ([StudentID], [SchoolID], [Code], [Name], [Sex], [Birthday], [Address], [Phone]) VALUES (170, 2, N'HS0119', N'Trần Văn Long', NULL, NULL, NULL, NULL)
INSERT [dbo].[Student] ([StudentID], [SchoolID], [Code], [Name], [Sex], [Birthday], [Address], [Phone]) VALUES (171, 4, N'HS0120', N'Phạm Văn Hà', NULL, NULL, NULL, NULL)
INSERT [dbo].[Student] ([StudentID], [SchoolID], [Code], [Name], [Sex], [Birthday], [Address], [Phone]) VALUES (172, 5, N'HS0121', N'Lê Thị Tâm', NULL, NULL, NULL, NULL)
INSERT [dbo].[Student] ([StudentID], [SchoolID], [Code], [Name], [Sex], [Birthday], [Address], [Phone]) VALUES (173, 7, N'HS0122', N'Nguyễn Thị Liên', NULL, NULL, NULL, NULL)
INSERT [dbo].[Student] ([StudentID], [SchoolID], [Code], [Name], [Sex], [Birthday], [Address], [Phone]) VALUES (174, 11, N'HS0123', N'Phạm Văn Thịnh', NULL, NULL, NULL, NULL)
INSERT [dbo].[Student] ([StudentID], [SchoolID], [Code], [Name], [Sex], [Birthday], [Address], [Phone]) VALUES (175, 2, N'HS0124', N'Trần Thị Lan Hương', NULL, NULL, NULL, NULL)
INSERT [dbo].[Student] ([StudentID], [SchoolID], [Code], [Name], [Sex], [Birthday], [Address], [Phone]) VALUES (176, 4, N'HS0125', N'Võ Văn Bình', NULL, NULL, NULL, NULL)
INSERT [dbo].[Student] ([StudentID], [SchoolID], [Code], [Name], [Sex], [Birthday], [Address], [Phone]) VALUES (177, 5, N'HS0126', N'Phan Thị Hồng Anh', NULL, NULL, NULL, NULL)
INSERT [dbo].[Student] ([StudentID], [SchoolID], [Code], [Name], [Sex], [Birthday], [Address], [Phone]) VALUES (178, 7, N'HS0127', N'Lê Văn Tân', NULL, NULL, NULL, NULL)
INSERT [dbo].[Student] ([StudentID], [SchoolID], [Code], [Name], [Sex], [Birthday], [Address], [Phone]) VALUES (179, 11, N'HS0128', N'Đinh Thị Hương', NULL, NULL, NULL, NULL)
INSERT [dbo].[Student] ([StudentID], [SchoolID], [Code], [Name], [Sex], [Birthday], [Address], [Phone]) VALUES (180, 2, N'HS0129', N'Nguyễn Hữu Phú', NULL, NULL, NULL, NULL)
INSERT [dbo].[Student] ([StudentID], [SchoolID], [Code], [Name], [Sex], [Birthday], [Address], [Phone]) VALUES (181, 4, N'HS0130', N'Lê Văn Tùng', NULL, NULL, NULL, NULL)
INSERT [dbo].[Student] ([StudentID], [SchoolID], [Code], [Name], [Sex], [Birthday], [Address], [Phone]) VALUES (182, 5, N'HS0131', N'Trần Văn Phúc', NULL, NULL, NULL, NULL)
INSERT [dbo].[Student] ([StudentID], [SchoolID], [Code], [Name], [Sex], [Birthday], [Address], [Phone]) VALUES (183, 7, N'HS0132', N'Phạm Thị Yến', NULL, NULL, NULL, NULL)
INSERT [dbo].[Student] ([StudentID], [SchoolID], [Code], [Name], [Sex], [Birthday], [Address], [Phone]) VALUES (184, 11, N'HS0133', N'Nguyễn Văn Trung', NULL, NULL, NULL, NULL)
INSERT [dbo].[Student] ([StudentID], [SchoolID], [Code], [Name], [Sex], [Birthday], [Address], [Phone]) VALUES (185, 2, N'HS0134', N'Trần Thị Mỹ Hạnh', NULL, NULL, NULL, NULL)
INSERT [dbo].[Student] ([StudentID], [SchoolID], [Code], [Name], [Sex], [Birthday], [Address], [Phone]) VALUES (186, 4, N'HS0135', N'Phạm Văn Tiến', NULL, NULL, NULL, NULL)
INSERT [dbo].[Student] ([StudentID], [SchoolID], [Code], [Name], [Sex], [Birthday], [Address], [Phone]) VALUES (187, 5, N'HS0136', N'Lê Thị Hòa', NULL, NULL, NULL, NULL)
INSERT [dbo].[Student] ([StudentID], [SchoolID], [Code], [Name], [Sex], [Birthday], [Address], [Phone]) VALUES (188, 7, N'HS0137', N'Nguyễn Thị Kim Ngân', NULL, NULL, NULL, NULL)
INSERT [dbo].[Student] ([StudentID], [SchoolID], [Code], [Name], [Sex], [Birthday], [Address], [Phone]) VALUES (189, 11, N'HS0138', N'Phạm Văn Trí', NULL, NULL, NULL, NULL)
INSERT [dbo].[Student] ([StudentID], [SchoolID], [Code], [Name], [Sex], [Birthday], [Address], [Phone]) VALUES (190, 2, N'HS0139', N'Trần Văn Sơn', NULL, NULL, NULL, NULL)
INSERT [dbo].[Student] ([StudentID], [SchoolID], [Code], [Name], [Sex], [Birthday], [Address], [Phone]) VALUES (191, 4, N'HS0140', N'Võ Thị Thu Hà', NULL, NULL, NULL, NULL)
INSERT [dbo].[Student] ([StudentID], [SchoolID], [Code], [Name], [Sex], [Birthday], [Address], [Phone]) VALUES (192, 5, N'HS0141', N'Phan Thị Bích Phương', NULL, NULL, NULL, NULL)
INSERT [dbo].[Student] ([StudentID], [SchoolID], [Code], [Name], [Sex], [Birthday], [Address], [Phone]) VALUES (193, 7, N'HS0142', N'Lê Văn An', NULL, NULL, NULL, NULL)
INSERT [dbo].[Student] ([StudentID], [SchoolID], [Code], [Name], [Sex], [Birthday], [Address], [Phone]) VALUES (194, 11, N'HS0143', N'Đặng Thị Phương Thảo', NULL, NULL, NULL, NULL)
INSERT [dbo].[Student] ([StudentID], [SchoolID], [Code], [Name], [Sex], [Birthday], [Address], [Phone]) VALUES (195, 2, N'HS0144', N'Nguyễn Văn Hoàng', NULL, NULL, NULL, NULL)
INSERT [dbo].[Student] ([StudentID], [SchoolID], [Code], [Name], [Sex], [Birthday], [Address], [Phone]) VALUES (196, 4, N'HS0145', N'Lê Thị Thanh Thúy', NULL, NULL, NULL, NULL)
INSERT [dbo].[Student] ([StudentID], [SchoolID], [Code], [Name], [Sex], [Birthday], [Address], [Phone]) VALUES (197, 5, N'HS0146', N'Trần Văn Hà', NULL, NULL, NULL, NULL)
INSERT [dbo].[Student] ([StudentID], [SchoolID], [Code], [Name], [Sex], [Birthday], [Address], [Phone]) VALUES (198, 7, N'HS0147', N'Phạm Thị Nhung', NULL, NULL, NULL, NULL)
INSERT [dbo].[Student] ([StudentID], [SchoolID], [Code], [Name], [Sex], [Birthday], [Address], [Phone]) VALUES (199, 11, N'HS0148', N'Nguyễn Thị Bích Ngọc', NULL, NULL, NULL, NULL)
INSERT [dbo].[Student] ([StudentID], [SchoolID], [Code], [Name], [Sex], [Birthday], [Address], [Phone]) VALUES (200, 2, N'HS0149', N'Trần Văn Nam', NULL, NULL, NULL, NULL)
INSERT [dbo].[Student] ([StudentID], [SchoolID], [Code], [Name], [Sex], [Birthday], [Address], [Phone]) VALUES (201, 4, N'HS0150', N'Phạm Văn Dũng', NULL, NULL, NULL, NULL)
INSERT [dbo].[Student] ([StudentID], [SchoolID], [Code], [Name], [Sex], [Birthday], [Address], [Phone]) VALUES (202, 5, N'HS0151', N'Lê Thị Mai Anh', NULL, NULL, NULL, NULL)
INSERT [dbo].[Student] ([StudentID], [SchoolID], [Code], [Name], [Sex], [Birthday], [Address], [Phone]) VALUES (203, 7, N'HS0152', N'Nguyễn Văn Tiến', NULL, NULL, NULL, NULL)
INSERT [dbo].[Student] ([StudentID], [SchoolID], [Code], [Name], [Sex], [Birthday], [Address], [Phone]) VALUES (204, 11, N'HS0153', N'Phạm Thị Hồng', NULL, NULL, NULL, NULL)
INSERT [dbo].[Student] ([StudentID], [SchoolID], [Code], [Name], [Sex], [Birthday], [Address], [Phone]) VALUES (205, 2, N'HS0154', N'Trần Văn Quý', NULL, NULL, NULL, NULL)
INSERT [dbo].[Student] ([StudentID], [SchoolID], [Code], [Name], [Sex], [Birthday], [Address], [Phone]) VALUES (206, 4, N'HS0155', N'Võ Thị Thu', NULL, NULL, NULL, NULL)
INSERT [dbo].[Student] ([StudentID], [SchoolID], [Code], [Name], [Sex], [Birthday], [Address], [Phone]) VALUES (207, 5, N'HS0156', N'Phan Văn Tùng', NULL, NULL, NULL, NULL)
INSERT [dbo].[Student] ([StudentID], [SchoolID], [Code], [Name], [Sex], [Birthday], [Address], [Phone]) VALUES (208, 7, N'HS0157', N'Lê Thị Kim Hồng', NULL, NULL, NULL, NULL)
INSERT [dbo].[Student] ([StudentID], [SchoolID], [Code], [Name], [Sex], [Birthday], [Address], [Phone]) VALUES (209, 11, N'HS0158', N'Đinh Văn Sơn', NULL, NULL, NULL, NULL)
INSERT [dbo].[Student] ([StudentID], [SchoolID], [Code], [Name], [Sex], [Birthday], [Address], [Phone]) VALUES (210, 2, N'HS0159', N'Nguyễn Hữu Phước', NULL, NULL, NULL, NULL)
INSERT [dbo].[Student] ([StudentID], [SchoolID], [Code], [Name], [Sex], [Birthday], [Address], [Phone]) VALUES (211, 4, N'HS0160', N'Lê Văn Toàn', NULL, NULL, NULL, NULL)
INSERT [dbo].[Student] ([StudentID], [SchoolID], [Code], [Name], [Sex], [Birthday], [Address], [Phone]) VALUES (212, 5, N'HS0161', N'Trần Thị Thu', NULL, NULL, NULL, NULL)
INSERT [dbo].[Student] ([StudentID], [SchoolID], [Code], [Name], [Sex], [Birthday], [Address], [Phone]) VALUES (213, 7, N'HS0162', N'Phạm Văn Kiên', NULL, NULL, NULL, NULL)
INSERT [dbo].[Student] ([StudentID], [SchoolID], [Code], [Name], [Sex], [Birthday], [Address], [Phone]) VALUES (214, 11, N'HS0163', N'Nguyễn Thị Hà', NULL, NULL, NULL, NULL)
INSERT [dbo].[Student] ([StudentID], [SchoolID], [Code], [Name], [Sex], [Birthday], [Address], [Phone]) VALUES (215, 2, N'HS0164', N'Trần Văn Dũng', NULL, NULL, NULL, NULL)
INSERT [dbo].[Student] ([StudentID], [SchoolID], [Code], [Name], [Sex], [Birthday], [Address], [Phone]) VALUES (216, 4, N'HS0165', N'Phạm Thị Kim', NULL, NULL, NULL, NULL)
INSERT [dbo].[Student] ([StudentID], [SchoolID], [Code], [Name], [Sex], [Birthday], [Address], [Phone]) VALUES (217, 5, N'HS0166', N'Lê Văn Hùng', NULL, NULL, NULL, NULL)
INSERT [dbo].[Student] ([StudentID], [SchoolID], [Code], [Name], [Sex], [Birthday], [Address], [Phone]) VALUES (218, 7, N'HS0167', N'Nguyễn Thị Hòa', NULL, NULL, NULL, NULL)
INSERT [dbo].[Student] ([StudentID], [SchoolID], [Code], [Name], [Sex], [Birthday], [Address], [Phone]) VALUES (219, 11, N'HS0168', N'Phạm Văn Hưng', NULL, NULL, NULL, NULL)
INSERT [dbo].[Student] ([StudentID], [SchoolID], [Code], [Name], [Sex], [Birthday], [Address], [Phone]) VALUES (220, 2, N'HS0169', N'Trần Thị Lan', NULL, NULL, NULL, NULL)
INSERT [dbo].[Student] ([StudentID], [SchoolID], [Code], [Name], [Sex], [Birthday], [Address], [Phone]) VALUES (221, 4, N'HS0170', N'Võ Văn Phúc', NULL, NULL, NULL, NULL)
INSERT [dbo].[Student] ([StudentID], [SchoolID], [Code], [Name], [Sex], [Birthday], [Address], [Phone]) VALUES (222, 5, N'HS0171', N'Phan Thị Hà', NULL, NULL, NULL, NULL)
INSERT [dbo].[Student] ([StudentID], [SchoolID], [Code], [Name], [Sex], [Birthday], [Address], [Phone]) VALUES (223, 7, N'HS0172', N'Lê Thị Thu', NULL, NULL, NULL, NULL)
INSERT [dbo].[Student] ([StudentID], [SchoolID], [Code], [Name], [Sex], [Birthday], [Address], [Phone]) VALUES (224, 11, N'HS0173', N'Nguyễn Văn Khang', NULL, NULL, NULL, NULL)
INSERT [dbo].[Student] ([StudentID], [SchoolID], [Code], [Name], [Sex], [Birthday], [Address], [Phone]) VALUES (225, 2, N'HS0174', N'Trần Thị Kim Ngân', NULL, NULL, NULL, NULL)
INSERT [dbo].[Student] ([StudentID], [SchoolID], [Code], [Name], [Sex], [Birthday], [Address], [Phone]) VALUES (226, 4, N'HS0175', N'Phạm Văn Toàn', NULL, NULL, NULL, NULL)
INSERT [dbo].[Student] ([StudentID], [SchoolID], [Code], [Name], [Sex], [Birthday], [Address], [Phone]) VALUES (227, 5, N'HS0176', N'Lê Văn Phong', NULL, NULL, NULL, NULL)
INSERT [dbo].[Student] ([StudentID], [SchoolID], [Code], [Name], [Sex], [Birthday], [Address], [Phone]) VALUES (228, 7, N'HS0177', N'Nguyễn Thị Minh', NULL, NULL, NULL, NULL)
INSERT [dbo].[Student] ([StudentID], [SchoolID], [Code], [Name], [Sex], [Birthday], [Address], [Phone]) VALUES (229, 11, N'HS0178', N'Phạm Văn Hòa', NULL, NULL, NULL, NULL)
INSERT [dbo].[Student] ([StudentID], [SchoolID], [Code], [Name], [Sex], [Birthday], [Address], [Phone]) VALUES (230, 2, N'HS0179', N'Trần Thị Thanh Hương', NULL, NULL, NULL, NULL)
INSERT [dbo].[Student] ([StudentID], [SchoolID], [Code], [Name], [Sex], [Birthday], [Address], [Phone]) VALUES (231, 4, N'HS0180', N'Võ Văn Hải', NULL, NULL, NULL, NULL)
INSERT [dbo].[Student] ([StudentID], [SchoolID], [Code], [Name], [Sex], [Birthday], [Address], [Phone]) VALUES (232, 5, N'HS0181', N'Phan Thị Nhung', NULL, NULL, NULL, NULL)
INSERT [dbo].[Student] ([StudentID], [SchoolID], [Code], [Name], [Sex], [Birthday], [Address], [Phone]) VALUES (233, 7, N'HS0182', N'Lê Văn Hiếu', NULL, NULL, NULL, NULL)
INSERT [dbo].[Student] ([StudentID], [SchoolID], [Code], [Name], [Sex], [Birthday], [Address], [Phone]) VALUES (234, 11, N'HS0183', N'Nguyễn Thị Lan Anh', NULL, NULL, NULL, NULL)
INSERT [dbo].[Student] ([StudentID], [SchoolID], [Code], [Name], [Sex], [Birthday], [Address], [Phone]) VALUES (235, 2, N'HS0184', N'Trần Văn Lộc', NULL, NULL, NULL, NULL)
INSERT [dbo].[Student] ([StudentID], [SchoolID], [Code], [Name], [Sex], [Birthday], [Address], [Phone]) VALUES (236, 4, N'HS0185', N'Phạm Văn Phong', NULL, NULL, NULL, NULL)
INSERT [dbo].[Student] ([StudentID], [SchoolID], [Code], [Name], [Sex], [Birthday], [Address], [Phone]) VALUES (237, 5, N'HS0186', N'Lê Thị Kim Hoa', NULL, NULL, NULL, NULL)
INSERT [dbo].[Student] ([StudentID], [SchoolID], [Code], [Name], [Sex], [Birthday], [Address], [Phone]) VALUES (238, 7, N'HS0187', N'Nguyễn Văn Bình', NULL, NULL, NULL, NULL)
INSERT [dbo].[Student] ([StudentID], [SchoolID], [Code], [Name], [Sex], [Birthday], [Address], [Phone]) VALUES (239, 11, N'HS0188', N'Phạm Thị Minh Hương', NULL, NULL, NULL, NULL)
INSERT [dbo].[Student] ([StudentID], [SchoolID], [Code], [Name], [Sex], [Birthday], [Address], [Phone]) VALUES (240, 2, N'HS0189', N'Trần Văn Trung', NULL, NULL, NULL, NULL)
INSERT [dbo].[Student] ([StudentID], [SchoolID], [Code], [Name], [Sex], [Birthday], [Address], [Phone]) VALUES (241, 4, N'HS0190', N'Võ Thị Thanh Thúy', NULL, NULL, NULL, NULL)
INSERT [dbo].[Student] ([StudentID], [SchoolID], [Code], [Name], [Sex], [Birthday], [Address], [Phone]) VALUES (242, 5, N'HS0191', N'Phan Văn Lộc', NULL, NULL, NULL, NULL)
INSERT [dbo].[Student] ([StudentID], [SchoolID], [Code], [Name], [Sex], [Birthday], [Address], [Phone]) VALUES (243, 7, N'HS0192', N'Lê Thị Kim Liên', NULL, NULL, NULL, NULL)
INSERT [dbo].[Student] ([StudentID], [SchoolID], [Code], [Name], [Sex], [Birthday], [Address], [Phone]) VALUES (244, 11, N'HS0193', N'Nguyễn Văn Đại', NULL, NULL, NULL, NULL)
INSERT [dbo].[Student] ([StudentID], [SchoolID], [Code], [Name], [Sex], [Birthday], [Address], [Phone]) VALUES (245, 2, N'HS0194', N'Trần Thị Thu Hằng', NULL, NULL, NULL, NULL)
INSERT [dbo].[Student] ([StudentID], [SchoolID], [Code], [Name], [Sex], [Birthday], [Address], [Phone]) VALUES (246, 4, N'HS0195', N'Phạm Văn Thanh', NULL, NULL, NULL, NULL)
INSERT [dbo].[Student] ([StudentID], [SchoolID], [Code], [Name], [Sex], [Birthday], [Address], [Phone]) VALUES (247, 5, N'HS0196', N'Lê Thị Thu Nguyệt', NULL, NULL, NULL, NULL)
INSERT [dbo].[Student] ([StudentID], [SchoolID], [Code], [Name], [Sex], [Birthday], [Address], [Phone]) VALUES (248, 7, N'HS0197', N'Nguyễn Văn Tài', NULL, NULL, NULL, NULL)
INSERT [dbo].[Student] ([StudentID], [SchoolID], [Code], [Name], [Sex], [Birthday], [Address], [Phone]) VALUES (249, 11, N'HS0198', N'Phạm Thị Kim Chi', NULL, NULL, NULL, NULL)
INSERT [dbo].[Student] ([StudentID], [SchoolID], [Code], [Name], [Sex], [Birthday], [Address], [Phone]) VALUES (250, 2, N'HS0199', N'Trần Văn Toàn', NULL, NULL, NULL, NULL)
GO
INSERT [dbo].[Student] ([StudentID], [SchoolID], [Code], [Name], [Sex], [Birthday], [Address], [Phone]) VALUES (251, 4, N'HS0200', N'Võ Văn Lộc', NULL, NULL, NULL, NULL)
INSERT [dbo].[Student] ([StudentID], [SchoolID], [Code], [Name], [Sex], [Birthday], [Address], [Phone]) VALUES (252, 5, N'HS0201', N'Phan Thị Lan', NULL, NULL, NULL, NULL)
INSERT [dbo].[Student] ([StudentID], [SchoolID], [Code], [Name], [Sex], [Birthday], [Address], [Phone]) VALUES (253, 7, N'HS0202', N'Lê Văn Phúc', NULL, NULL, NULL, NULL)
INSERT [dbo].[Student] ([StudentID], [SchoolID], [Code], [Name], [Sex], [Birthday], [Address], [Phone]) VALUES (254, 11, N'HS0203', N'Nguyễn Thị Hạnh', NULL, NULL, NULL, NULL)
INSERT [dbo].[Student] ([StudentID], [SchoolID], [Code], [Name], [Sex], [Birthday], [Address], [Phone]) VALUES (255, 2, N'HS0204', N'Trần Văn Lâm', NULL, NULL, NULL, NULL)
INSERT [dbo].[Student] ([StudentID], [SchoolID], [Code], [Name], [Sex], [Birthday], [Address], [Phone]) VALUES (256, 4, N'HS0205', N'Phạm Thị Mai', NULL, NULL, NULL, NULL)
INSERT [dbo].[Student] ([StudentID], [SchoolID], [Code], [Name], [Sex], [Birthday], [Address], [Phone]) VALUES (257, 5, N'HS0206', N'Lê Văn Khôi', NULL, NULL, NULL, NULL)
INSERT [dbo].[Student] ([StudentID], [SchoolID], [Code], [Name], [Sex], [Birthday], [Address], [Phone]) VALUES (258, 7, N'HS0207', N'Nguyễn Thị Minh Hằng', NULL, NULL, NULL, NULL)
INSERT [dbo].[Student] ([StudentID], [SchoolID], [Code], [Name], [Sex], [Birthday], [Address], [Phone]) VALUES (259, 11, N'HS0208', N'Phạm Văn Kiên', NULL, NULL, NULL, NULL)
INSERT [dbo].[Student] ([StudentID], [SchoolID], [Code], [Name], [Sex], [Birthday], [Address], [Phone]) VALUES (260, 2, N'HS0209', N'Trần Thị Thanh Lan', NULL, NULL, NULL, NULL)
INSERT [dbo].[Student] ([StudentID], [SchoolID], [Code], [Name], [Sex], [Birthday], [Address], [Phone]) VALUES (261, 4, N'HS0210', N'Võ Văn Bình', NULL, NULL, NULL, NULL)
INSERT [dbo].[Student] ([StudentID], [SchoolID], [Code], [Name], [Sex], [Birthday], [Address], [Phone]) VALUES (262, 5, N'HS0211', N'Phan Thị Kim Anh', NULL, NULL, NULL, NULL)
INSERT [dbo].[Student] ([StudentID], [SchoolID], [Code], [Name], [Sex], [Birthday], [Address], [Phone]) VALUES (263, 7, N'HS0212', N'Lê Thị Hồng', NULL, NULL, NULL, NULL)
INSERT [dbo].[Student] ([StudentID], [SchoolID], [Code], [Name], [Sex], [Birthday], [Address], [Phone]) VALUES (264, 11, N'HS0213', N'Nguyễn Văn Thanh', NULL, NULL, NULL, NULL)
INSERT [dbo].[Student] ([StudentID], [SchoolID], [Code], [Name], [Sex], [Birthday], [Address], [Phone]) VALUES (265, 2, N'HS0214', N'Trần Văn Tân', NULL, NULL, NULL, NULL)
INSERT [dbo].[Student] ([StudentID], [SchoolID], [Code], [Name], [Sex], [Birthday], [Address], [Phone]) VALUES (266, 4, N'HS0215', N'Phạm Thị Lan', NULL, NULL, NULL, NULL)
INSERT [dbo].[Student] ([StudentID], [SchoolID], [Code], [Name], [Sex], [Birthday], [Address], [Phone]) VALUES (267, 5, N'HS0216', N'Lê Thị Minh', NULL, NULL, NULL, NULL)
INSERT [dbo].[Student] ([StudentID], [SchoolID], [Code], [Name], [Sex], [Birthday], [Address], [Phone]) VALUES (268, 7, N'HS0217', N'Nguyễn Thị Hương', NULL, NULL, NULL, NULL)
INSERT [dbo].[Student] ([StudentID], [SchoolID], [Code], [Name], [Sex], [Birthday], [Address], [Phone]) VALUES (269, 11, N'HS0218', N'Phạm Văn Hoàng', NULL, NULL, NULL, NULL)
INSERT [dbo].[Student] ([StudentID], [SchoolID], [Code], [Name], [Sex], [Birthday], [Address], [Phone]) VALUES (270, 2, N'HS0219', N'Trần Thị Thúy', NULL, NULL, NULL, NULL)
INSERT [dbo].[Student] ([StudentID], [SchoolID], [Code], [Name], [Sex], [Birthday], [Address], [Phone]) VALUES (271, 4, N'HS0220', N'Võ Văn Sơn', NULL, NULL, NULL, NULL)
INSERT [dbo].[Student] ([StudentID], [SchoolID], [Code], [Name], [Sex], [Birthday], [Address], [Phone]) VALUES (272, 5, N'HS0221', N'Phan Thị Thu', NULL, NULL, NULL, NULL)
INSERT [dbo].[Student] ([StudentID], [SchoolID], [Code], [Name], [Sex], [Birthday], [Address], [Phone]) VALUES (273, 7, N'HS0222', N'Lê Thị Hạnh', NULL, NULL, NULL, NULL)
INSERT [dbo].[Student] ([StudentID], [SchoolID], [Code], [Name], [Sex], [Birthday], [Address], [Phone]) VALUES (274, 11, N'HS0223', N'Nguyễn Văn Phú', NULL, NULL, NULL, NULL)
INSERT [dbo].[Student] ([StudentID], [SchoolID], [Code], [Name], [Sex], [Birthday], [Address], [Phone]) VALUES (275, 2, N'HS0224', N'Trần Văn Khoa', NULL, NULL, NULL, NULL)
INSERT [dbo].[Student] ([StudentID], [SchoolID], [Code], [Name], [Sex], [Birthday], [Address], [Phone]) VALUES (276, 4, N'HS0225', N'Phạm Thị Hòa', NULL, NULL, NULL, NULL)
INSERT [dbo].[Student] ([StudentID], [SchoolID], [Code], [Name], [Sex], [Birthday], [Address], [Phone]) VALUES (277, 5, N'HS0226', N'Lê Văn Hà', NULL, NULL, NULL, NULL)
INSERT [dbo].[Student] ([StudentID], [SchoolID], [Code], [Name], [Sex], [Birthday], [Address], [Phone]) VALUES (278, 7, N'HS0227', N'Nguyễn Thị Hồng', NULL, NULL, NULL, NULL)
INSERT [dbo].[Student] ([StudentID], [SchoolID], [Code], [Name], [Sex], [Birthday], [Address], [Phone]) VALUES (279, 11, N'HS0228', N'Phạm Văn Toàn', NULL, NULL, NULL, NULL)
INSERT [dbo].[Student] ([StudentID], [SchoolID], [Code], [Name], [Sex], [Birthday], [Address], [Phone]) VALUES (280, 2, N'HS0229', N'Trần Thị Thu Hương', NULL, NULL, NULL, NULL)
INSERT [dbo].[Student] ([StudentID], [SchoolID], [Code], [Name], [Sex], [Birthday], [Address], [Phone]) VALUES (281, 4, N'HS0230', N'Võ Văn Minh', NULL, NULL, NULL, NULL)
INSERT [dbo].[Student] ([StudentID], [SchoolID], [Code], [Name], [Sex], [Birthday], [Address], [Phone]) VALUES (282, 5, N'HS0231', N'Phan Thị Lan Hương', NULL, NULL, NULL, NULL)
INSERT [dbo].[Student] ([StudentID], [SchoolID], [Code], [Name], [Sex], [Birthday], [Address], [Phone]) VALUES (283, 7, N'HS0232', N'Lê Văn Tùng', NULL, NULL, NULL, NULL)
INSERT [dbo].[Student] ([StudentID], [SchoolID], [Code], [Name], [Sex], [Birthday], [Address], [Phone]) VALUES (284, 11, N'HS0233', N'Nguyễn Văn Hiếu', NULL, NULL, NULL, NULL)
INSERT [dbo].[Student] ([StudentID], [SchoolID], [Code], [Name], [Sex], [Birthday], [Address], [Phone]) VALUES (285, 2, N'HS0234', N'Trần Thị Thảo', NULL, NULL, NULL, NULL)
INSERT [dbo].[Student] ([StudentID], [SchoolID], [Code], [Name], [Sex], [Birthday], [Address], [Phone]) VALUES (286, 4, N'HS0235', N'Phạm Văn Thái', NULL, NULL, NULL, NULL)
INSERT [dbo].[Student] ([StudentID], [SchoolID], [Code], [Name], [Sex], [Birthday], [Address], [Phone]) VALUES (287, 5, N'HS0236', N'Lê Thị Minh Tâm', NULL, NULL, NULL, NULL)
INSERT [dbo].[Student] ([StudentID], [SchoolID], [Code], [Name], [Sex], [Birthday], [Address], [Phone]) VALUES (288, 7, N'HS0237', N'Nguyễn Thị Thanh', NULL, NULL, NULL, NULL)
INSERT [dbo].[Student] ([StudentID], [SchoolID], [Code], [Name], [Sex], [Birthday], [Address], [Phone]) VALUES (289, 11, N'HS0238', N'Phạm Văn Duy', NULL, NULL, NULL, NULL)
INSERT [dbo].[Student] ([StudentID], [SchoolID], [Code], [Name], [Sex], [Birthday], [Address], [Phone]) VALUES (290, 2, N'HS0239', N'Trần Thị Hạnh', NULL, NULL, NULL, NULL)
INSERT [dbo].[Student] ([StudentID], [SchoolID], [Code], [Name], [Sex], [Birthday], [Address], [Phone]) VALUES (291, 4, N'HS0240', N'Võ Thị Thu Hương', NULL, NULL, NULL, NULL)
INSERT [dbo].[Student] ([StudentID], [SchoolID], [Code], [Name], [Sex], [Birthday], [Address], [Phone]) VALUES (292, 5, N'HS0241', N'Phan Văn Phú', NULL, NULL, NULL, NULL)
INSERT [dbo].[Student] ([StudentID], [SchoolID], [Code], [Name], [Sex], [Birthday], [Address], [Phone]) VALUES (293, 7, N'HS0242', N'Lê Văn Khoa', NULL, NULL, NULL, NULL)
INSERT [dbo].[Student] ([StudentID], [SchoolID], [Code], [Name], [Sex], [Birthday], [Address], [Phone]) VALUES (294, 11, N'HS0243', N'Nguyễn Thị Lan', NULL, NULL, NULL, NULL)
INSERT [dbo].[Student] ([StudentID], [SchoolID], [Code], [Name], [Sex], [Birthday], [Address], [Phone]) VALUES (295, 2, N'HS0244', N'Trần Văn Tùng', NULL, NULL, NULL, NULL)
INSERT [dbo].[Student] ([StudentID], [SchoolID], [Code], [Name], [Sex], [Birthday], [Address], [Phone]) VALUES (296, 4, N'HS0245', N'Phạm Thị Bích', NULL, NULL, NULL, NULL)
INSERT [dbo].[Student] ([StudentID], [SchoolID], [Code], [Name], [Sex], [Birthday], [Address], [Phone]) VALUES (297, 5, N'HS0246', N'Lê Văn Minh', NULL, NULL, NULL, NULL)
INSERT [dbo].[Student] ([StudentID], [SchoolID], [Code], [Name], [Sex], [Birthday], [Address], [Phone]) VALUES (298, 7, N'HS0247', N'Nguyễn Văn Tâm', NULL, NULL, NULL, NULL)
INSERT [dbo].[Student] ([StudentID], [SchoolID], [Code], [Name], [Sex], [Birthday], [Address], [Phone]) VALUES (299, 11, N'HS0248', N'Phạm Thị Hoa', NULL, NULL, NULL, NULL)
INSERT [dbo].[Student] ([StudentID], [SchoolID], [Code], [Name], [Sex], [Birthday], [Address], [Phone]) VALUES (300, 2, N'HS0249', N'Trần Thị Thanh', NULL, NULL, NULL, NULL)
INSERT [dbo].[Student] ([StudentID], [SchoolID], [Code], [Name], [Sex], [Birthday], [Address], [Phone]) VALUES (301, 4, N'HS0250', N'Võ Văn Minh', NULL, NULL, NULL, NULL)
INSERT [dbo].[Student] ([StudentID], [SchoolID], [Code], [Name], [Sex], [Birthday], [Address], [Phone]) VALUES (302, 5, N'HS0251', N'Phan Văn Lâm', NULL, NULL, NULL, NULL)
INSERT [dbo].[Student] ([StudentID], [SchoolID], [Code], [Name], [Sex], [Birthday], [Address], [Phone]) VALUES (303, 7, N'HS0252', N'Lê Thị Kim Liên', NULL, NULL, NULL, NULL)
INSERT [dbo].[Student] ([StudentID], [SchoolID], [Code], [Name], [Sex], [Birthday], [Address], [Phone]) VALUES (304, 11, N'HS0253', N'Nguyễn Văn Khánh', NULL, NULL, NULL, NULL)
INSERT [dbo].[Student] ([StudentID], [SchoolID], [Code], [Name], [Sex], [Birthday], [Address], [Phone]) VALUES (305, 2, N'HS0254', N'Trần Thị Hương', NULL, NULL, NULL, NULL)
INSERT [dbo].[Student] ([StudentID], [SchoolID], [Code], [Name], [Sex], [Birthday], [Address], [Phone]) VALUES (306, 4, N'HS0255', N'Phạm Văn Toàn', NULL, NULL, NULL, NULL)
INSERT [dbo].[Student] ([StudentID], [SchoolID], [Code], [Name], [Sex], [Birthday], [Address], [Phone]) VALUES (307, 5, N'HS0256', N'Lê Thị Thu Hà', NULL, NULL, NULL, NULL)
INSERT [dbo].[Student] ([StudentID], [SchoolID], [Code], [Name], [Sex], [Birthday], [Address], [Phone]) VALUES (308, 7, N'HS0257', N'Nguyễn Thị Bích', NULL, NULL, NULL, NULL)
INSERT [dbo].[Student] ([StudentID], [SchoolID], [Code], [Name], [Sex], [Birthday], [Address], [Phone]) VALUES (309, 11, N'HS0258', N'Phạm Văn Minh', NULL, NULL, NULL, NULL)
INSERT [dbo].[Student] ([StudentID], [SchoolID], [Code], [Name], [Sex], [Birthday], [Address], [Phone]) VALUES (310, 2, N'HS0259', N'Trần Thị Lan Anh', NULL, NULL, NULL, NULL)
INSERT [dbo].[Student] ([StudentID], [SchoolID], [Code], [Name], [Sex], [Birthday], [Address], [Phone]) VALUES (311, 4, N'HS0260', N'Võ Văn Phương', NULL, NULL, NULL, NULL)
INSERT [dbo].[Student] ([StudentID], [SchoolID], [Code], [Name], [Sex], [Birthday], [Address], [Phone]) VALUES (312, 5, N'HS0261', N'Phan Thị Thảo', NULL, NULL, NULL, NULL)
INSERT [dbo].[Student] ([StudentID], [SchoolID], [Code], [Name], [Sex], [Birthday], [Address], [Phone]) VALUES (313, 7, N'HS0262', N'Lê Văn Hải', NULL, NULL, NULL, NULL)
INSERT [dbo].[Student] ([StudentID], [SchoolID], [Code], [Name], [Sex], [Birthday], [Address], [Phone]) VALUES (314, 11, N'HS0263', N'Nguyễn Thị Thu Hà', NULL, NULL, NULL, NULL)
INSERT [dbo].[Student] ([StudentID], [SchoolID], [Code], [Name], [Sex], [Birthday], [Address], [Phone]) VALUES (315, 2, N'HS0264', N'Trần Văn Hoàng', NULL, NULL, NULL, NULL)
INSERT [dbo].[Student] ([StudentID], [SchoolID], [Code], [Name], [Sex], [Birthday], [Address], [Phone]) VALUES (316, 4, N'HS0265', N'Phạm Thị Yến', NULL, NULL, NULL, NULL)
INSERT [dbo].[Student] ([StudentID], [SchoolID], [Code], [Name], [Sex], [Birthday], [Address], [Phone]) VALUES (317, 5, N'HS0266', N'Lê Thị Lan', NULL, NULL, NULL, NULL)
INSERT [dbo].[Student] ([StudentID], [SchoolID], [Code], [Name], [Sex], [Birthday], [Address], [Phone]) VALUES (318, 7, N'HS0267', N'Nguyễn Văn Phúc', NULL, NULL, NULL, NULL)
INSERT [dbo].[Student] ([StudentID], [SchoolID], [Code], [Name], [Sex], [Birthday], [Address], [Phone]) VALUES (319, 11, N'HS0268', N'Phạm Thị Minh', NULL, NULL, NULL, NULL)
INSERT [dbo].[Student] ([StudentID], [SchoolID], [Code], [Name], [Sex], [Birthday], [Address], [Phone]) VALUES (320, 2, N'HS0269', N'Trần Văn Bảo', NULL, NULL, NULL, NULL)
INSERT [dbo].[Student] ([StudentID], [SchoolID], [Code], [Name], [Sex], [Birthday], [Address], [Phone]) VALUES (321, 4, N'HS0270', N'Võ Thị Mai', NULL, NULL, NULL, NULL)
INSERT [dbo].[Student] ([StudentID], [SchoolID], [Code], [Name], [Sex], [Birthday], [Address], [Phone]) VALUES (322, 5, N'HS0271', N'Phan Văn Hùng', NULL, NULL, NULL, NULL)
INSERT [dbo].[Student] ([StudentID], [SchoolID], [Code], [Name], [Sex], [Birthday], [Address], [Phone]) VALUES (323, 7, N'HS0272', N'Lê Thị Thu Hiền', NULL, NULL, NULL, NULL)
INSERT [dbo].[Student] ([StudentID], [SchoolID], [Code], [Name], [Sex], [Birthday], [Address], [Phone]) VALUES (324, 11, N'HS0273', N'Nguyễn Văn Quang', NULL, NULL, NULL, NULL)
INSERT [dbo].[Student] ([StudentID], [SchoolID], [Code], [Name], [Sex], [Birthday], [Address], [Phone]) VALUES (325, 2, N'HS0274', N'Trần Thị Mỹ', NULL, NULL, NULL, NULL)
INSERT [dbo].[Student] ([StudentID], [SchoolID], [Code], [Name], [Sex], [Birthday], [Address], [Phone]) VALUES (326, 4, N'HS0275', N'Phạm Văn Hạnh', NULL, NULL, NULL, NULL)
INSERT [dbo].[Student] ([StudentID], [SchoolID], [Code], [Name], [Sex], [Birthday], [Address], [Phone]) VALUES (327, 5, N'HS0276', N'Lê Thị Thanh', NULL, NULL, NULL, NULL)
INSERT [dbo].[Student] ([StudentID], [SchoolID], [Code], [Name], [Sex], [Birthday], [Address], [Phone]) VALUES (328, 7, N'HS0277', N'Nguyễn Văn Thanh', NULL, NULL, NULL, NULL)
INSERT [dbo].[Student] ([StudentID], [SchoolID], [Code], [Name], [Sex], [Birthday], [Address], [Phone]) VALUES (329, 11, N'HS0278', N'Phạm Thị Minh Hòa', NULL, NULL, NULL, NULL)
INSERT [dbo].[Student] ([StudentID], [SchoolID], [Code], [Name], [Sex], [Birthday], [Address], [Phone]) VALUES (330, 2, N'HS0279', N'Trần Văn Tài', NULL, NULL, NULL, NULL)
INSERT [dbo].[Student] ([StudentID], [SchoolID], [Code], [Name], [Sex], [Birthday], [Address], [Phone]) VALUES (331, 4, N'HS0280', N'Võ Văn Hưng', NULL, NULL, NULL, NULL)
INSERT [dbo].[Student] ([StudentID], [SchoolID], [Code], [Name], [Sex], [Birthday], [Address], [Phone]) VALUES (332, 5, N'HS0281', N'Phan Thị Hà', NULL, NULL, NULL, NULL)
INSERT [dbo].[Student] ([StudentID], [SchoolID], [Code], [Name], [Sex], [Birthday], [Address], [Phone]) VALUES (333, 7, N'HS0282', N'Lê Văn Kiên', NULL, NULL, NULL, NULL)
INSERT [dbo].[Student] ([StudentID], [SchoolID], [Code], [Name], [Sex], [Birthday], [Address], [Phone]) VALUES (334, 11, N'HS0283', N'Nguyễn Thị Xuân', NULL, NULL, NULL, NULL)
INSERT [dbo].[Student] ([StudentID], [SchoolID], [Code], [Name], [Sex], [Birthday], [Address], [Phone]) VALUES (335, 2, N'HS0284', N'Trần Văn Tùng', NULL, NULL, NULL, NULL)
INSERT [dbo].[Student] ([StudentID], [SchoolID], [Code], [Name], [Sex], [Birthday], [Address], [Phone]) VALUES (336, 4, N'HS0285', N'Phạm Văn Khôi', NULL, NULL, NULL, NULL)
INSERT [dbo].[Student] ([StudentID], [SchoolID], [Code], [Name], [Sex], [Birthday], [Address], [Phone]) VALUES (337, 5, N'HS0286', N'Lê Thị Minh Tâm', NULL, NULL, NULL, NULL)
INSERT [dbo].[Student] ([StudentID], [SchoolID], [Code], [Name], [Sex], [Birthday], [Address], [Phone]) VALUES (338, 7, N'HS0287', N'Nguyễn Văn Lộc', NULL, NULL, NULL, NULL)
INSERT [dbo].[Student] ([StudentID], [SchoolID], [Code], [Name], [Sex], [Birthday], [Address], [Phone]) VALUES (339, 11, N'HS0288', N'Phạm Thị Lan Anh', NULL, NULL, NULL, NULL)
INSERT [dbo].[Student] ([StudentID], [SchoolID], [Code], [Name], [Sex], [Birthday], [Address], [Phone]) VALUES (340, 2, N'HS0289', N'Trần Thị Huyền', NULL, NULL, NULL, NULL)
INSERT [dbo].[Student] ([StudentID], [SchoolID], [Code], [Name], [Sex], [Birthday], [Address], [Phone]) VALUES (341, 4, N'HS0290', N'Võ Văn Hòa', NULL, NULL, NULL, NULL)
INSERT [dbo].[Student] ([StudentID], [SchoolID], [Code], [Name], [Sex], [Birthday], [Address], [Phone]) VALUES (342, 5, N'HS0291', N'Phan Thị Mai', NULL, NULL, NULL, NULL)
INSERT [dbo].[Student] ([StudentID], [SchoolID], [Code], [Name], [Sex], [Birthday], [Address], [Phone]) VALUES (343, 7, N'HS0292', N'Lê Văn Tài', NULL, NULL, NULL, NULL)
INSERT [dbo].[Student] ([StudentID], [SchoolID], [Code], [Name], [Sex], [Birthday], [Address], [Phone]) VALUES (344, 11, N'HS0293', N'Nguyễn Thị Lan Hương', NULL, NULL, NULL, NULL)
INSERT [dbo].[Student] ([StudentID], [SchoolID], [Code], [Name], [Sex], [Birthday], [Address], [Phone]) VALUES (345, 2, N'HS0294', N'Trần Văn Duy', NULL, NULL, NULL, NULL)
INSERT [dbo].[Student] ([StudentID], [SchoolID], [Code], [Name], [Sex], [Birthday], [Address], [Phone]) VALUES (346, 4, N'HS0295', N'Phạm Thị Bích Ngọc', NULL, NULL, NULL, NULL)
INSERT [dbo].[Student] ([StudentID], [SchoolID], [Code], [Name], [Sex], [Birthday], [Address], [Phone]) VALUES (347, 5, N'HS0296', N'Lê Văn Thái', NULL, NULL, NULL, NULL)
INSERT [dbo].[Student] ([StudentID], [SchoolID], [Code], [Name], [Sex], [Birthday], [Address], [Phone]) VALUES (348, 7, N'HS0297', N'Nguyễn Văn Hoàng', NULL, NULL, NULL, NULL)
INSERT [dbo].[Student] ([StudentID], [SchoolID], [Code], [Name], [Sex], [Birthday], [Address], [Phone]) VALUES (349, 11, N'HS0298', N'Phạm Thị Kim Ngân', NULL, NULL, NULL, NULL)
INSERT [dbo].[Student] ([StudentID], [SchoolID], [Code], [Name], [Sex], [Birthday], [Address], [Phone]) VALUES (350, 2, N'HS0299', N'Trần Văn Thanh', NULL, NULL, NULL, NULL)
GO
INSERT [dbo].[Student] ([StudentID], [SchoolID], [Code], [Name], [Sex], [Birthday], [Address], [Phone]) VALUES (351, 4, N'HS0300', N'Võ Văn Sơn', NULL, NULL, NULL, NULL)
INSERT [dbo].[Student] ([StudentID], [SchoolID], [Code], [Name], [Sex], [Birthday], [Address], [Phone]) VALUES (352, 5, N'HS0301', N'Phan Văn Hải', NULL, NULL, NULL, NULL)
INSERT [dbo].[Student] ([StudentID], [SchoolID], [Code], [Name], [Sex], [Birthday], [Address], [Phone]) VALUES (353, 7, N'HS0302', N'Lê Thị Huyền', NULL, NULL, NULL, NULL)
INSERT [dbo].[Student] ([StudentID], [SchoolID], [Code], [Name], [Sex], [Birthday], [Address], [Phone]) VALUES (354, 11, N'HS0303', N'Nguyễn Văn Hùng', NULL, NULL, NULL, NULL)
INSERT [dbo].[Student] ([StudentID], [SchoolID], [Code], [Name], [Sex], [Birthday], [Address], [Phone]) VALUES (355, 2, N'HS0304', N'Trần Thị Mai Anh', NULL, NULL, NULL, NULL)
INSERT [dbo].[Student] ([StudentID], [SchoolID], [Code], [Name], [Sex], [Birthday], [Address], [Phone]) VALUES (356, 4, N'HS0305', N'Phạm Văn Thành', NULL, NULL, NULL, NULL)
INSERT [dbo].[Student] ([StudentID], [SchoolID], [Code], [Name], [Sex], [Birthday], [Address], [Phone]) VALUES (357, 5, N'HS0306', N'Lê Thị Lan Hương', NULL, NULL, NULL, NULL)
INSERT [dbo].[Student] ([StudentID], [SchoolID], [Code], [Name], [Sex], [Birthday], [Address], [Phone]) VALUES (358, 7, N'HS0307', N'Nguyễn Thị Thanh Hà', NULL, NULL, NULL, NULL)
INSERT [dbo].[Student] ([StudentID], [SchoolID], [Code], [Name], [Sex], [Birthday], [Address], [Phone]) VALUES (359, 11, N'HS0308', N'Phạm Văn Khoa', NULL, NULL, NULL, NULL)
INSERT [dbo].[Student] ([StudentID], [SchoolID], [Code], [Name], [Sex], [Birthday], [Address], [Phone]) VALUES (360, 2, N'HS0309', N'Trần Văn Hòa', NULL, NULL, NULL, NULL)
INSERT [dbo].[Student] ([StudentID], [SchoolID], [Code], [Name], [Sex], [Birthday], [Address], [Phone]) VALUES (361, 4, N'HS0310', N'Võ Thị Ngọc', NULL, NULL, NULL, NULL)
INSERT [dbo].[Student] ([StudentID], [SchoolID], [Code], [Name], [Sex], [Birthday], [Address], [Phone]) VALUES (362, 5, N'HS0311', N'Phan Thị Mai Anh', NULL, NULL, NULL, NULL)
INSERT [dbo].[Student] ([StudentID], [SchoolID], [Code], [Name], [Sex], [Birthday], [Address], [Phone]) VALUES (363, 7, N'HS0312', N'Lê Văn Phong', NULL, NULL, NULL, NULL)
INSERT [dbo].[Student] ([StudentID], [SchoolID], [Code], [Name], [Sex], [Birthday], [Address], [Phone]) VALUES (364, 11, N'HS0313', N'Nguyễn Thị Kim Oanh', NULL, NULL, NULL, NULL)
INSERT [dbo].[Student] ([StudentID], [SchoolID], [Code], [Name], [Sex], [Birthday], [Address], [Phone]) VALUES (365, 2, N'HS0314', N'Trần Văn Thanh', NULL, NULL, NULL, NULL)
INSERT [dbo].[Student] ([StudentID], [SchoolID], [Code], [Name], [Sex], [Birthday], [Address], [Phone]) VALUES (366, 4, N'HS0315', N'Phạm Thị Minh Ngọc', NULL, NULL, NULL, NULL)
INSERT [dbo].[Student] ([StudentID], [SchoolID], [Code], [Name], [Sex], [Birthday], [Address], [Phone]) VALUES (367, 5, N'HS0316', N'Lê Thị Thu Thủy', NULL, NULL, NULL, NULL)
INSERT [dbo].[Student] ([StudentID], [SchoolID], [Code], [Name], [Sex], [Birthday], [Address], [Phone]) VALUES (368, 7, N'HS0317', N'Nguyễn Văn Hạnh', NULL, NULL, NULL, NULL)
INSERT [dbo].[Student] ([StudentID], [SchoolID], [Code], [Name], [Sex], [Birthday], [Address], [Phone]) VALUES (369, 11, N'HS0318', N'Phạm Thị Hồng', NULL, NULL, NULL, NULL)
INSERT [dbo].[Student] ([StudentID], [SchoolID], [Code], [Name], [Sex], [Birthday], [Address], [Phone]) VALUES (370, 2, N'HS0319', N'Trần Văn Khoa', NULL, NULL, NULL, NULL)
INSERT [dbo].[Student] ([StudentID], [SchoolID], [Code], [Name], [Sex], [Birthday], [Address], [Phone]) VALUES (371, 4, N'HS0320', N'Võ Văn Hiếu', NULL, NULL, NULL, NULL)
INSERT [dbo].[Student] ([StudentID], [SchoolID], [Code], [Name], [Sex], [Birthday], [Address], [Phone]) VALUES (372, 5, N'HS0321', N'Phan Thị Lan Anh', NULL, NULL, NULL, NULL)
INSERT [dbo].[Student] ([StudentID], [SchoolID], [Code], [Name], [Sex], [Birthday], [Address], [Phone]) VALUES (373, 7, N'HS0322', N'Lê Văn Trung', NULL, NULL, NULL, NULL)
INSERT [dbo].[Student] ([StudentID], [SchoolID], [Code], [Name], [Sex], [Birthday], [Address], [Phone]) VALUES (374, 11, N'HS0323', N'Nguyễn Thị Thu Thảo', NULL, NULL, NULL, NULL)
INSERT [dbo].[Student] ([StudentID], [SchoolID], [Code], [Name], [Sex], [Birthday], [Address], [Phone]) VALUES (375, 2, N'HS0324', N'Trần Thị Thúy Hằng', NULL, NULL, NULL, NULL)
INSERT [dbo].[Student] ([StudentID], [SchoolID], [Code], [Name], [Sex], [Birthday], [Address], [Phone]) VALUES (376, 4, N'HS0325', N'Phạm Văn Quang', NULL, NULL, NULL, NULL)
INSERT [dbo].[Student] ([StudentID], [SchoolID], [Code], [Name], [Sex], [Birthday], [Address], [Phone]) VALUES (377, 5, N'HS0326', N'Lê Thị Thu Trang', NULL, NULL, NULL, NULL)
INSERT [dbo].[Student] ([StudentID], [SchoolID], [Code], [Name], [Sex], [Birthday], [Address], [Phone]) VALUES (378, 7, N'HS0327', N'Nguyễn Văn Bảo', NULL, NULL, NULL, NULL)
INSERT [dbo].[Student] ([StudentID], [SchoolID], [Code], [Name], [Sex], [Birthday], [Address], [Phone]) VALUES (379, 11, N'HS0328', N'Phạm Thị Hương', NULL, NULL, NULL, NULL)
INSERT [dbo].[Student] ([StudentID], [SchoolID], [Code], [Name], [Sex], [Birthday], [Address], [Phone]) VALUES (380, 2, N'HS0329', N'Trần Văn Phương', NULL, NULL, NULL, NULL)
INSERT [dbo].[Student] ([StudentID], [SchoolID], [Code], [Name], [Sex], [Birthday], [Address], [Phone]) VALUES (381, 4, N'HS0330', N'Võ Văn Thắng', NULL, NULL, NULL, NULL)
INSERT [dbo].[Student] ([StudentID], [SchoolID], [Code], [Name], [Sex], [Birthday], [Address], [Phone]) VALUES (382, 5, N'HS0331', N'Phan Thị Thùy Linh', NULL, NULL, NULL, NULL)
INSERT [dbo].[Student] ([StudentID], [SchoolID], [Code], [Name], [Sex], [Birthday], [Address], [Phone]) VALUES (383, 7, N'HS0332', N'Lê Văn Thanh', NULL, NULL, NULL, NULL)
INSERT [dbo].[Student] ([StudentID], [SchoolID], [Code], [Name], [Sex], [Birthday], [Address], [Phone]) VALUES (384, 11, N'HS0333', N'Nguyễn Thị Mỹ Linh', NULL, NULL, NULL, NULL)
INSERT [dbo].[Student] ([StudentID], [SchoolID], [Code], [Name], [Sex], [Birthday], [Address], [Phone]) VALUES (385, 2, N'HS0334', N'Trần Thị Mai Hoa', NULL, NULL, NULL, NULL)
INSERT [dbo].[Student] ([StudentID], [SchoolID], [Code], [Name], [Sex], [Birthday], [Address], [Phone]) VALUES (386, 4, N'HS0335', N'Phạm Văn Khánh', NULL, NULL, NULL, NULL)
INSERT [dbo].[Student] ([StudentID], [SchoolID], [Code], [Name], [Sex], [Birthday], [Address], [Phone]) VALUES (387, 5, N'HS0336', N'Lê Thị Minh Nguyệt', NULL, NULL, NULL, NULL)
INSERT [dbo].[Student] ([StudentID], [SchoolID], [Code], [Name], [Sex], [Birthday], [Address], [Phone]) VALUES (388, 7, N'HS0337', N'Nguyễn Văn Lâm', NULL, NULL, NULL, NULL)
INSERT [dbo].[Student] ([StudentID], [SchoolID], [Code], [Name], [Sex], [Birthday], [Address], [Phone]) VALUES (389, 11, N'HS0338', N'Phạm Thị Kim Oanh', NULL, NULL, NULL, NULL)
INSERT [dbo].[Student] ([StudentID], [SchoolID], [Code], [Name], [Sex], [Birthday], [Address], [Phone]) VALUES (390, 2, N'HS0339', N'Trần Văn An', NULL, NULL, NULL, NULL)
INSERT [dbo].[Student] ([StudentID], [SchoolID], [Code], [Name], [Sex], [Birthday], [Address], [Phone]) VALUES (391, 4, N'HS0340', N'Võ Thị Thủy', NULL, NULL, NULL, NULL)
INSERT [dbo].[Student] ([StudentID], [SchoolID], [Code], [Name], [Sex], [Birthday], [Address], [Phone]) VALUES (392, 5, N'HS0341', N'Phan Văn Phong', NULL, NULL, NULL, NULL)
INSERT [dbo].[Student] ([StudentID], [SchoolID], [Code], [Name], [Sex], [Birthday], [Address], [Phone]) VALUES (393, 7, N'HS0342', N'Lê Thị Bích', NULL, NULL, NULL, NULL)
INSERT [dbo].[Student] ([StudentID], [SchoolID], [Code], [Name], [Sex], [Birthday], [Address], [Phone]) VALUES (394, 11, N'HS0343', N'Nguyễn Văn Huy', NULL, NULL, NULL, NULL)
INSERT [dbo].[Student] ([StudentID], [SchoolID], [Code], [Name], [Sex], [Birthday], [Address], [Phone]) VALUES (395, 2, N'HS0344', N'Trần Thị Thanh Hằng', NULL, NULL, NULL, NULL)
INSERT [dbo].[Student] ([StudentID], [SchoolID], [Code], [Name], [Sex], [Birthday], [Address], [Phone]) VALUES (396, 4, N'HS0345', N'Phạm Văn Hải', NULL, NULL, NULL, NULL)
INSERT [dbo].[Student] ([StudentID], [SchoolID], [Code], [Name], [Sex], [Birthday], [Address], [Phone]) VALUES (397, 5, N'HS0346', N'Lê Thị Lan Anh', NULL, NULL, NULL, NULL)
INSERT [dbo].[Student] ([StudentID], [SchoolID], [Code], [Name], [Sex], [Birthday], [Address], [Phone]) VALUES (398, 7, N'HS0347', N'Nguyễn Thị Thu', NULL, NULL, NULL, NULL)
INSERT [dbo].[Student] ([StudentID], [SchoolID], [Code], [Name], [Sex], [Birthday], [Address], [Phone]) VALUES (399, 11, N'HS0348', N'Phạm Văn Thành', NULL, NULL, NULL, NULL)
INSERT [dbo].[Student] ([StudentID], [SchoolID], [Code], [Name], [Sex], [Birthday], [Address], [Phone]) VALUES (400, 2, N'HS0349', N'Trần Thị Phương', NULL, NULL, NULL, NULL)
INSERT [dbo].[Student] ([StudentID], [SchoolID], [Code], [Name], [Sex], [Birthday], [Address], [Phone]) VALUES (401, 4, N'HS0350', N'Võ Văn Phát', NULL, NULL, NULL, NULL)
INSERT [dbo].[Student] ([StudentID], [SchoolID], [Code], [Name], [Sex], [Birthday], [Address], [Phone]) VALUES (402, 5, N'HS0351', N'Phan Văn Dũng', NULL, NULL, NULL, NULL)
INSERT [dbo].[Student] ([StudentID], [SchoolID], [Code], [Name], [Sex], [Birthday], [Address], [Phone]) VALUES (403, 7, N'HS0352', N'Lê Thị Lan', NULL, NULL, NULL, NULL)
INSERT [dbo].[Student] ([StudentID], [SchoolID], [Code], [Name], [Sex], [Birthday], [Address], [Phone]) VALUES (404, 11, N'HS0353', N'Nguyễn Văn Long', NULL, NULL, NULL, NULL)
INSERT [dbo].[Student] ([StudentID], [SchoolID], [Code], [Name], [Sex], [Birthday], [Address], [Phone]) VALUES (405, 2, N'HS0354', N'Trần Thị Thu', NULL, NULL, NULL, NULL)
INSERT [dbo].[Student] ([StudentID], [SchoolID], [Code], [Name], [Sex], [Birthday], [Address], [Phone]) VALUES (406, 4, N'HS0355', N'Phạm Văn Thịnh', NULL, NULL, NULL, NULL)
INSERT [dbo].[Student] ([StudentID], [SchoolID], [Code], [Name], [Sex], [Birthday], [Address], [Phone]) VALUES (407, 5, N'HS0356', N'Lê Thị Bích Ngọc', NULL, NULL, NULL, NULL)
INSERT [dbo].[Student] ([StudentID], [SchoolID], [Code], [Name], [Sex], [Birthday], [Address], [Phone]) VALUES (408, 7, N'HS0357', N'Nguyễn Văn Hoàng', NULL, NULL, NULL, NULL)
INSERT [dbo].[Student] ([StudentID], [SchoolID], [Code], [Name], [Sex], [Birthday], [Address], [Phone]) VALUES (409, 11, N'HS0358', N'Phạm Thị Mỹ', NULL, NULL, NULL, NULL)
INSERT [dbo].[Student] ([StudentID], [SchoolID], [Code], [Name], [Sex], [Birthday], [Address], [Phone]) VALUES (410, 2, N'HS0359', N'Trần Văn Khang', NULL, NULL, NULL, NULL)
INSERT [dbo].[Student] ([StudentID], [SchoolID], [Code], [Name], [Sex], [Birthday], [Address], [Phone]) VALUES (411, 4, N'HS0360', N'Võ Thị Hồng', NULL, NULL, NULL, NULL)
INSERT [dbo].[Student] ([StudentID], [SchoolID], [Code], [Name], [Sex], [Birthday], [Address], [Phone]) VALUES (412, 5, N'HS0361', N'Phan Văn Tuấn', NULL, NULL, NULL, NULL)
INSERT [dbo].[Student] ([StudentID], [SchoolID], [Code], [Name], [Sex], [Birthday], [Address], [Phone]) VALUES (413, 7, N'HS0362', N'Lê Thị Minh', NULL, NULL, NULL, NULL)
INSERT [dbo].[Student] ([StudentID], [SchoolID], [Code], [Name], [Sex], [Birthday], [Address], [Phone]) VALUES (414, 11, N'HS0363', N'Nguyễn Văn Lộc', NULL, NULL, NULL, NULL)
INSERT [dbo].[Student] ([StudentID], [SchoolID], [Code], [Name], [Sex], [Birthday], [Address], [Phone]) VALUES (415, 2, N'HS0364', N'Trần Thị Hằng', NULL, NULL, NULL, NULL)
INSERT [dbo].[Student] ([StudentID], [SchoolID], [Code], [Name], [Sex], [Birthday], [Address], [Phone]) VALUES (416, 4, N'HS0365', N'Phạm Văn Đạt', NULL, NULL, NULL, NULL)
INSERT [dbo].[Student] ([StudentID], [SchoolID], [Code], [Name], [Sex], [Birthday], [Address], [Phone]) VALUES (417, 5, N'HS0366', N'Lê Thị Kim', NULL, NULL, NULL, NULL)
INSERT [dbo].[Student] ([StudentID], [SchoolID], [Code], [Name], [Sex], [Birthday], [Address], [Phone]) VALUES (418, 7, N'HS0367', N'Nguyễn Văn Phúc', NULL, NULL, NULL, NULL)
INSERT [dbo].[Student] ([StudentID], [SchoolID], [Code], [Name], [Sex], [Birthday], [Address], [Phone]) VALUES (419, 11, N'HS0368', N'Phạm Thị Huyền', NULL, NULL, NULL, NULL)
INSERT [dbo].[Student] ([StudentID], [SchoolID], [Code], [Name], [Sex], [Birthday], [Address], [Phone]) VALUES (420, 2, N'HS0369', N'Trần Văn Hưng', NULL, NULL, NULL, NULL)
INSERT [dbo].[Student] ([StudentID], [SchoolID], [Code], [Name], [Sex], [Birthday], [Address], [Phone]) VALUES (421, 4, N'HS0370', N'Võ Thị Lan Anh', NULL, NULL, NULL, NULL)
INSERT [dbo].[Student] ([StudentID], [SchoolID], [Code], [Name], [Sex], [Birthday], [Address], [Phone]) VALUES (422, 5, N'HS0371', N'Phan Văn Kiên', NULL, NULL, NULL, NULL)
INSERT [dbo].[Student] ([StudentID], [SchoolID], [Code], [Name], [Sex], [Birthday], [Address], [Phone]) VALUES (423, 7, N'HS0372', N'Lê Thị Hồng', NULL, NULL, NULL, NULL)
INSERT [dbo].[Student] ([StudentID], [SchoolID], [Code], [Name], [Sex], [Birthday], [Address], [Phone]) VALUES (424, 11, N'HS0373', N'Nguyễn Văn Tài', NULL, NULL, NULL, NULL)
INSERT [dbo].[Student] ([StudentID], [SchoolID], [Code], [Name], [Sex], [Birthday], [Address], [Phone]) VALUES (425, 2, N'HS0374', N'Trần Thị Mai', NULL, NULL, NULL, NULL)
INSERT [dbo].[Student] ([StudentID], [SchoolID], [Code], [Name], [Sex], [Birthday], [Address], [Phone]) VALUES (426, 4, N'HS0375', N'Phạm Văn Lâm', NULL, NULL, NULL, NULL)
INSERT [dbo].[Student] ([StudentID], [SchoolID], [Code], [Name], [Sex], [Birthday], [Address], [Phone]) VALUES (427, 5, N'HS0376', N'Lê Thị Thu', NULL, NULL, NULL, NULL)
INSERT [dbo].[Student] ([StudentID], [SchoolID], [Code], [Name], [Sex], [Birthday], [Address], [Phone]) VALUES (428, 7, N'HS0377', N'Nguyễn Văn Khoa', NULL, NULL, NULL, NULL)
INSERT [dbo].[Student] ([StudentID], [SchoolID], [Code], [Name], [Sex], [Birthday], [Address], [Phone]) VALUES (429, 11, N'HS0378', N'Phạm Thị Lan', NULL, NULL, NULL, NULL)
INSERT [dbo].[Student] ([StudentID], [SchoolID], [Code], [Name], [Sex], [Birthday], [Address], [Phone]) VALUES (430, 2, N'HS0379', N'Trần Văn Sơn', NULL, NULL, NULL, NULL)
INSERT [dbo].[Student] ([StudentID], [SchoolID], [Code], [Name], [Sex], [Birthday], [Address], [Phone]) VALUES (431, 4, N'HS0380', N'Võ Thị Thanh', NULL, NULL, NULL, NULL)
INSERT [dbo].[Student] ([StudentID], [SchoolID], [Code], [Name], [Sex], [Birthday], [Address], [Phone]) VALUES (432, 5, N'HS0381', N'Phan Văn Tùng', NULL, NULL, NULL, NULL)
INSERT [dbo].[Student] ([StudentID], [SchoolID], [Code], [Name], [Sex], [Birthday], [Address], [Phone]) VALUES (433, 7, N'HS0382', N'Lê Thị Kim Anh', NULL, NULL, NULL, NULL)
INSERT [dbo].[Student] ([StudentID], [SchoolID], [Code], [Name], [Sex], [Birthday], [Address], [Phone]) VALUES (434, 11, N'HS0383', N'Nguyễn Văn Huy', NULL, NULL, NULL, NULL)
INSERT [dbo].[Student] ([StudentID], [SchoolID], [Code], [Name], [Sex], [Birthday], [Address], [Phone]) VALUES (435, 2, N'HS0384', N'Trần Thị Thanh Hà', NULL, NULL, NULL, NULL)
INSERT [dbo].[Student] ([StudentID], [SchoolID], [Code], [Name], [Sex], [Birthday], [Address], [Phone]) VALUES (436, 4, N'HS0385', N'Phạm Văn Hải', NULL, NULL, NULL, NULL)
INSERT [dbo].[Student] ([StudentID], [SchoolID], [Code], [Name], [Sex], [Birthday], [Address], [Phone]) VALUES (437, 5, N'HS0386', N'Lê Thị Minh Anh', NULL, NULL, NULL, NULL)
INSERT [dbo].[Student] ([StudentID], [SchoolID], [Code], [Name], [Sex], [Birthday], [Address], [Phone]) VALUES (438, 7, N'HS0387', N'Nguyễn Thị Hạnh', NULL, NULL, NULL, NULL)
INSERT [dbo].[Student] ([StudentID], [SchoolID], [Code], [Name], [Sex], [Birthday], [Address], [Phone]) VALUES (439, 11, N'HS0388', N'Phạm Văn Đức', NULL, NULL, NULL, NULL)
INSERT [dbo].[Student] ([StudentID], [SchoolID], [Code], [Name], [Sex], [Birthday], [Address], [Phone]) VALUES (440, 2, N'HS0389', N'Trần Văn Hòa', NULL, NULL, NULL, NULL)
INSERT [dbo].[Student] ([StudentID], [SchoolID], [Code], [Name], [Sex], [Birthday], [Address], [Phone]) VALUES (441, 4, N'HS0390', N'Võ Thị Ngọc Lan', NULL, NULL, NULL, NULL)
INSERT [dbo].[Student] ([StudentID], [SchoolID], [Code], [Name], [Sex], [Birthday], [Address], [Phone]) VALUES (442, 5, N'HS0391', N'Phan Thị Minh Ngọc', NULL, NULL, NULL, NULL)
INSERT [dbo].[Student] ([StudentID], [SchoolID], [Code], [Name], [Sex], [Birthday], [Address], [Phone]) VALUES (443, 7, N'HS0392', N'Lê Văn Hùng', NULL, NULL, NULL, NULL)
INSERT [dbo].[Student] ([StudentID], [SchoolID], [Code], [Name], [Sex], [Birthday], [Address], [Phone]) VALUES (444, 11, N'HS0393', N'Nguyễn Thị Bích', NULL, NULL, NULL, NULL)
INSERT [dbo].[Student] ([StudentID], [SchoolID], [Code], [Name], [Sex], [Birthday], [Address], [Phone]) VALUES (445, 2, N'HS0394', N'Trần Thị Kim Oanh', NULL, NULL, NULL, NULL)
INSERT [dbo].[Student] ([StudentID], [SchoolID], [Code], [Name], [Sex], [Birthday], [Address], [Phone]) VALUES (446, 4, N'HS0395', N'Phạm Văn Kiên', NULL, NULL, NULL, NULL)
INSERT [dbo].[Student] ([StudentID], [SchoolID], [Code], [Name], [Sex], [Birthday], [Address], [Phone]) VALUES (447, 5, N'HS0396', N'Lê Thị Ngọc Anh', NULL, NULL, NULL, NULL)
INSERT [dbo].[Student] ([StudentID], [SchoolID], [Code], [Name], [Sex], [Birthday], [Address], [Phone]) VALUES (448, 7, N'HS0397', N'Nguyễn Văn Khôi', NULL, NULL, NULL, NULL)
INSERT [dbo].[Student] ([StudentID], [SchoolID], [Code], [Name], [Sex], [Birthday], [Address], [Phone]) VALUES (449, 11, N'HS0398', N'Phạm Thị Kim Anh', NULL, NULL, NULL, NULL)
INSERT [dbo].[Student] ([StudentID], [SchoolID], [Code], [Name], [Sex], [Birthday], [Address], [Phone]) VALUES (450, 2, N'HS0399', N'Trần Văn Tân', NULL, NULL, NULL, NULL)
GO
INSERT [dbo].[Student] ([StudentID], [SchoolID], [Code], [Name], [Sex], [Birthday], [Address], [Phone]) VALUES (451, 4, N'HS0400', N'Võ Thị Mỹ Hạnh', NULL, NULL, NULL, NULL)
INSERT [dbo].[Student] ([StudentID], [SchoolID], [Code], [Name], [Sex], [Birthday], [Address], [Phone]) VALUES (452, 5, N'HS0401', N'Phan Văn Khánh', NULL, NULL, NULL, NULL)
INSERT [dbo].[Student] ([StudentID], [SchoolID], [Code], [Name], [Sex], [Birthday], [Address], [Phone]) VALUES (453, 7, N'HS0402', N'Lê Thị Thu Hằng', NULL, NULL, NULL, NULL)
INSERT [dbo].[Student] ([StudentID], [SchoolID], [Code], [Name], [Sex], [Birthday], [Address], [Phone]) VALUES (454, 11, N'HS0403', N'Nguyễn Văn Phong', NULL, NULL, NULL, NULL)
INSERT [dbo].[Student] ([StudentID], [SchoolID], [Code], [Name], [Sex], [Birthday], [Address], [Phone]) VALUES (455, 2, N'HS0404', N'Trần Thị Bích Ngọc', NULL, NULL, NULL, NULL)
INSERT [dbo].[Student] ([StudentID], [SchoolID], [Code], [Name], [Sex], [Birthday], [Address], [Phone]) VALUES (456, 4, N'HS0405', N'Phạm Văn Đức', NULL, NULL, NULL, NULL)
INSERT [dbo].[Student] ([StudentID], [SchoolID], [Code], [Name], [Sex], [Birthday], [Address], [Phone]) VALUES (457, 5, N'HS0406', N'Lê Thị Phương', NULL, NULL, NULL, NULL)
INSERT [dbo].[Student] ([StudentID], [SchoolID], [Code], [Name], [Sex], [Birthday], [Address], [Phone]) VALUES (458, 7, N'HS0407', N'Nguyễn Thị Thu Hà', NULL, NULL, NULL, NULL)
INSERT [dbo].[Student] ([StudentID], [SchoolID], [Code], [Name], [Sex], [Birthday], [Address], [Phone]) VALUES (459, 11, N'HS0408', N'Phạm Văn Hùng', NULL, NULL, NULL, NULL)
INSERT [dbo].[Student] ([StudentID], [SchoolID], [Code], [Name], [Sex], [Birthday], [Address], [Phone]) VALUES (460, 2, N'HS0409', N'Trần Văn Đại', NULL, NULL, NULL, NULL)
INSERT [dbo].[Student] ([StudentID], [SchoolID], [Code], [Name], [Sex], [Birthday], [Address], [Phone]) VALUES (461, 4, N'HS0410', N'Võ Thị Thanh Thảo', NULL, NULL, NULL, NULL)
INSERT [dbo].[Student] ([StudentID], [SchoolID], [Code], [Name], [Sex], [Birthday], [Address], [Phone]) VALUES (462, 5, N'HS0411', N'Phan Thị Minh Hằng', NULL, NULL, NULL, NULL)
INSERT [dbo].[Student] ([StudentID], [SchoolID], [Code], [Name], [Sex], [Birthday], [Address], [Phone]) VALUES (463, 7, N'HS0412', N'Lê Văn Quân', NULL, NULL, NULL, NULL)
INSERT [dbo].[Student] ([StudentID], [SchoolID], [Code], [Name], [Sex], [Birthday], [Address], [Phone]) VALUES (464, 11, N'HS0413', N'Nguyễn Thị Minh Thu', NULL, NULL, NULL, NULL)
INSERT [dbo].[Student] ([StudentID], [SchoolID], [Code], [Name], [Sex], [Birthday], [Address], [Phone]) VALUES (465, 2, N'HS0414', N'Trần Thị Lan Phương', NULL, NULL, NULL, NULL)
INSERT [dbo].[Student] ([StudentID], [SchoolID], [Code], [Name], [Sex], [Birthday], [Address], [Phone]) VALUES (466, 4, N'HS0415', N'Phạm Văn Hoàng', NULL, NULL, NULL, NULL)
INSERT [dbo].[Student] ([StudentID], [SchoolID], [Code], [Name], [Sex], [Birthday], [Address], [Phone]) VALUES (467, 5, N'HS0416', N'Lê Thị Thu Hiền', NULL, NULL, NULL, NULL)
INSERT [dbo].[Student] ([StudentID], [SchoolID], [Code], [Name], [Sex], [Birthday], [Address], [Phone]) VALUES (468, 7, N'HS0417', N'Nguyễn Văn Phú', NULL, NULL, NULL, NULL)
INSERT [dbo].[Student] ([StudentID], [SchoolID], [Code], [Name], [Sex], [Birthday], [Address], [Phone]) VALUES (469, 11, N'HS0418', N'Phạm Thị Lan Anh', NULL, NULL, NULL, NULL)
INSERT [dbo].[Student] ([StudentID], [SchoolID], [Code], [Name], [Sex], [Birthday], [Address], [Phone]) VALUES (470, 2, N'HS0419', N'Trần Văn Thắng', NULL, NULL, NULL, NULL)
INSERT [dbo].[Student] ([StudentID], [SchoolID], [Code], [Name], [Sex], [Birthday], [Address], [Phone]) VALUES (471, 4, N'HS0420', N'Võ Thị Thu Hương', NULL, NULL, NULL, NULL)
INSERT [dbo].[Student] ([StudentID], [SchoolID], [Code], [Name], [Sex], [Birthday], [Address], [Phone]) VALUES (472, 5, N'HS0421', N'Phan Văn Thịnh', NULL, NULL, NULL, NULL)
INSERT [dbo].[Student] ([StudentID], [SchoolID], [Code], [Name], [Sex], [Birthday], [Address], [Phone]) VALUES (473, 7, N'HS0422', N'Lê Thị Minh Hương', NULL, NULL, NULL, NULL)
INSERT [dbo].[Student] ([StudentID], [SchoolID], [Code], [Name], [Sex], [Birthday], [Address], [Phone]) VALUES (474, 11, N'HS0423', N'Nguyễn Văn Đại', NULL, NULL, NULL, NULL)
INSERT [dbo].[Student] ([StudentID], [SchoolID], [Code], [Name], [Sex], [Birthday], [Address], [Phone]) VALUES (475, 2, N'HS0424', N'Trần Thị Thanh Tâm', NULL, NULL, NULL, NULL)
INSERT [dbo].[Student] ([StudentID], [SchoolID], [Code], [Name], [Sex], [Birthday], [Address], [Phone]) VALUES (476, 4, N'HS0425', N'Phạm Văn Hiếu', NULL, NULL, NULL, NULL)
INSERT [dbo].[Student] ([StudentID], [SchoolID], [Code], [Name], [Sex], [Birthday], [Address], [Phone]) VALUES (477, 5, N'HS0426', N'Lê Thị Hồng Nhung', NULL, NULL, NULL, NULL)
INSERT [dbo].[Student] ([StudentID], [SchoolID], [Code], [Name], [Sex], [Birthday], [Address], [Phone]) VALUES (478, 7, N'HS0427', N'Nguyễn Thị Thu Nguyệt', NULL, NULL, NULL, NULL)
INSERT [dbo].[Student] ([StudentID], [SchoolID], [Code], [Name], [Sex], [Birthday], [Address], [Phone]) VALUES (479, 11, N'HS0428', N'Phạm Văn Hải', NULL, NULL, NULL, NULL)
INSERT [dbo].[Student] ([StudentID], [SchoolID], [Code], [Name], [Sex], [Birthday], [Address], [Phone]) VALUES (480, 2, N'HS0429', N'Trần Văn Phúc', NULL, NULL, NULL, NULL)
INSERT [dbo].[Student] ([StudentID], [SchoolID], [Code], [Name], [Sex], [Birthday], [Address], [Phone]) VALUES (481, 4, N'HS0430', N'Võ Thị Thanh Tâm', NULL, NULL, NULL, NULL)
INSERT [dbo].[Student] ([StudentID], [SchoolID], [Code], [Name], [Sex], [Birthday], [Address], [Phone]) VALUES (482, 5, N'HS0431', N'Phan Văn Tuấn', NULL, NULL, NULL, NULL)
INSERT [dbo].[Student] ([StudentID], [SchoolID], [Code], [Name], [Sex], [Birthday], [Address], [Phone]) VALUES (483, 7, N'HS0432', N'Lê Thị Ngọc Anh', NULL, NULL, NULL, NULL)
INSERT [dbo].[Student] ([StudentID], [SchoolID], [Code], [Name], [Sex], [Birthday], [Address], [Phone]) VALUES (484, 11, N'HS0433', N'Nguyễn Văn Bảo', NULL, NULL, NULL, NULL)
INSERT [dbo].[Student] ([StudentID], [SchoolID], [Code], [Name], [Sex], [Birthday], [Address], [Phone]) VALUES (485, 2, N'HS0434', N'Trần Thị Minh', NULL, NULL, NULL, NULL)
INSERT [dbo].[Student] ([StudentID], [SchoolID], [Code], [Name], [Sex], [Birthday], [Address], [Phone]) VALUES (486, 4, N'HS0435', N'Phạm Thị Lan', NULL, NULL, NULL, NULL)
INSERT [dbo].[Student] ([StudentID], [SchoolID], [Code], [Name], [Sex], [Birthday], [Address], [Phone]) VALUES (487, 5, N'HS0436', N'Lê Thị Thu Hà', NULL, NULL, NULL, NULL)
INSERT [dbo].[Student] ([StudentID], [SchoolID], [Code], [Name], [Sex], [Birthday], [Address], [Phone]) VALUES (488, 7, N'HS0437', N'Nguyễn Văn Khang', NULL, NULL, NULL, NULL)
INSERT [dbo].[Student] ([StudentID], [SchoolID], [Code], [Name], [Sex], [Birthday], [Address], [Phone]) VALUES (489, 11, N'HS0438', N'Phạm Thị Hương', NULL, NULL, NULL, NULL)
INSERT [dbo].[Student] ([StudentID], [SchoolID], [Code], [Name], [Sex], [Birthday], [Address], [Phone]) VALUES (490, 2, N'HS0439', N'Trần Văn Bình', NULL, NULL, NULL, NULL)
INSERT [dbo].[Student] ([StudentID], [SchoolID], [Code], [Name], [Sex], [Birthday], [Address], [Phone]) VALUES (491, 4, N'HS0440', N'Võ Văn Khôi', NULL, NULL, NULL, NULL)
INSERT [dbo].[Student] ([StudentID], [SchoolID], [Code], [Name], [Sex], [Birthday], [Address], [Phone]) VALUES (492, 5, N'HS0441', N'Phan Thị Thu Hà', NULL, NULL, NULL, NULL)
INSERT [dbo].[Student] ([StudentID], [SchoolID], [Code], [Name], [Sex], [Birthday], [Address], [Phone]) VALUES (493, 7, N'HS0442', N'Lê Thị Phương Anh', NULL, NULL, NULL, NULL)
INSERT [dbo].[Student] ([StudentID], [SchoolID], [Code], [Name], [Sex], [Birthday], [Address], [Phone]) VALUES (494, 11, N'HS0443', N'Nguyễn Văn Khôi', NULL, NULL, NULL, NULL)
INSERT [dbo].[Student] ([StudentID], [SchoolID], [Code], [Name], [Sex], [Birthday], [Address], [Phone]) VALUES (495, 2, N'HS0444', N'Trần Thị Thu Hồng', NULL, NULL, NULL, NULL)
INSERT [dbo].[Student] ([StudentID], [SchoolID], [Code], [Name], [Sex], [Birthday], [Address], [Phone]) VALUES (496, 4, N'HS0445', N'Phạm Văn Thanh', NULL, NULL, NULL, NULL)
INSERT [dbo].[Student] ([StudentID], [SchoolID], [Code], [Name], [Sex], [Birthday], [Address], [Phone]) VALUES (497, 5, N'HS0446', N'Lê Thị Minh Phương', NULL, NULL, NULL, NULL)
INSERT [dbo].[Student] ([StudentID], [SchoolID], [Code], [Name], [Sex], [Birthday], [Address], [Phone]) VALUES (498, 7, N'HS0447', N'Nguyễn Thị Lan', NULL, NULL, NULL, NULL)
INSERT [dbo].[Student] ([StudentID], [SchoolID], [Code], [Name], [Sex], [Birthday], [Address], [Phone]) VALUES (499, 11, N'HS0448', N'Phạm Văn Minh', NULL, NULL, NULL, NULL)
INSERT [dbo].[Student] ([StudentID], [SchoolID], [Code], [Name], [Sex], [Birthday], [Address], [Phone]) VALUES (500, 2, N'HS0449', N'Trần Văn Long', NULL, NULL, NULL, NULL)
INSERT [dbo].[Student] ([StudentID], [SchoolID], [Code], [Name], [Sex], [Birthday], [Address], [Phone]) VALUES (501, 4, N'HS0450', N'Võ Thị Nguyệt', NULL, NULL, NULL, NULL)
INSERT [dbo].[Student] ([StudentID], [SchoolID], [Code], [Name], [Sex], [Birthday], [Address], [Phone]) VALUES (502, 5, N'HS0451', N'Phan Văn Lộc', NULL, NULL, NULL, NULL)
INSERT [dbo].[Student] ([StudentID], [SchoolID], [Code], [Name], [Sex], [Birthday], [Address], [Phone]) VALUES (503, 7, N'HS0452', N'Lê Thị Minh Nguyệt', NULL, NULL, NULL, NULL)
INSERT [dbo].[Student] ([StudentID], [SchoolID], [Code], [Name], [Sex], [Birthday], [Address], [Phone]) VALUES (504, 11, N'HS0453', N'Nguyễn Văn Toàn', NULL, NULL, NULL, NULL)
INSERT [dbo].[Student] ([StudentID], [SchoolID], [Code], [Name], [Sex], [Birthday], [Address], [Phone]) VALUES (505, 2, N'HS0454', N'Trần Thị Lan Anh', NULL, NULL, NULL, NULL)
INSERT [dbo].[Student] ([StudentID], [SchoolID], [Code], [Name], [Sex], [Birthday], [Address], [Phone]) VALUES (506, 4, N'HS0455', N'Phạm Văn Thành', NULL, NULL, NULL, NULL)
INSERT [dbo].[Student] ([StudentID], [SchoolID], [Code], [Name], [Sex], [Birthday], [Address], [Phone]) VALUES (507, 5, N'HS0456', N'Lê Thị Thu Thảo', NULL, NULL, NULL, NULL)
INSERT [dbo].[Student] ([StudentID], [SchoolID], [Code], [Name], [Sex], [Birthday], [Address], [Phone]) VALUES (508, 7, N'HS0457', N'Nguyễn Thị Minh Ngọc', NULL, NULL, NULL, NULL)
INSERT [dbo].[Student] ([StudentID], [SchoolID], [Code], [Name], [Sex], [Birthday], [Address], [Phone]) VALUES (509, 11, N'HS0458', N'Phạm Văn Hòa', NULL, NULL, NULL, NULL)
INSERT [dbo].[Student] ([StudentID], [SchoolID], [Code], [Name], [Sex], [Birthday], [Address], [Phone]) VALUES (510, 2, N'HS0459', N'Trần Văn Hưng', NULL, NULL, NULL, NULL)
INSERT [dbo].[Student] ([StudentID], [SchoolID], [Code], [Name], [Sex], [Birthday], [Address], [Phone]) VALUES (511, 4, N'HS0460', N'Võ Thị Minh Hằng', NULL, NULL, NULL, NULL)
INSERT [dbo].[Student] ([StudentID], [SchoolID], [Code], [Name], [Sex], [Birthday], [Address], [Phone]) VALUES (512, 5, N'HS0461', N'Phan Thị Hồng Nhung', NULL, NULL, NULL, NULL)
INSERT [dbo].[Student] ([StudentID], [SchoolID], [Code], [Name], [Sex], [Birthday], [Address], [Phone]) VALUES (513, 7, N'HS0462', N'Lê Văn Lâm', NULL, NULL, NULL, NULL)
INSERT [dbo].[Student] ([StudentID], [SchoolID], [Code], [Name], [Sex], [Birthday], [Address], [Phone]) VALUES (514, 11, N'HS0463', N'Nguyễn Thị Lan Anh', NULL, NULL, NULL, NULL)
INSERT [dbo].[Student] ([StudentID], [SchoolID], [Code], [Name], [Sex], [Birthday], [Address], [Phone]) VALUES (515, 2, N'HS0464', N'Trần Văn Khoa', NULL, NULL, NULL, NULL)
INSERT [dbo].[Student] ([StudentID], [SchoolID], [Code], [Name], [Sex], [Birthday], [Address], [Phone]) VALUES (516, 4, N'HS0465', N'Phạm Thị Kim Anh', NULL, NULL, NULL, NULL)
INSERT [dbo].[Student] ([StudentID], [SchoolID], [Code], [Name], [Sex], [Birthday], [Address], [Phone]) VALUES (517, 5, N'HS0466', N'Lê Văn Phúc', NULL, NULL, NULL, NULL)
INSERT [dbo].[Student] ([StudentID], [SchoolID], [Code], [Name], [Sex], [Birthday], [Address], [Phone]) VALUES (518, 7, N'HS0467', N'Nguyễn Văn Hưng', NULL, NULL, NULL, NULL)
INSERT [dbo].[Student] ([StudentID], [SchoolID], [Code], [Name], [Sex], [Birthday], [Address], [Phone]) VALUES (519, 11, N'HS0468', N'Phạm Thị Thanh', NULL, NULL, NULL, NULL)
INSERT [dbo].[Student] ([StudentID], [SchoolID], [Code], [Name], [Sex], [Birthday], [Address], [Phone]) VALUES (520, 2, N'HS0469', N'Trần Thị Mỹ Linh', NULL, NULL, NULL, NULL)
INSERT [dbo].[Student] ([StudentID], [SchoolID], [Code], [Name], [Sex], [Birthday], [Address], [Phone]) VALUES (521, 4, N'HS0470', N'Võ Văn Bình', NULL, NULL, NULL, NULL)
INSERT [dbo].[Student] ([StudentID], [SchoolID], [Code], [Name], [Sex], [Birthday], [Address], [Phone]) VALUES (522, 5, N'HS0471', N'Phan Văn Đức', NULL, NULL, NULL, NULL)
INSERT [dbo].[Student] ([StudentID], [SchoolID], [Code], [Name], [Sex], [Birthday], [Address], [Phone]) VALUES (523, 7, N'HS0472', N'Lê Thị Lan Hương', NULL, NULL, NULL, NULL)
INSERT [dbo].[Student] ([StudentID], [SchoolID], [Code], [Name], [Sex], [Birthday], [Address], [Phone]) VALUES (524, 11, N'HS0473', N'Nguyễn Văn Quang', NULL, NULL, NULL, NULL)
INSERT [dbo].[Student] ([StudentID], [SchoolID], [Code], [Name], [Sex], [Birthday], [Address], [Phone]) VALUES (525, 2, N'HS0474', N'Trần Thị Minh Hằng', NULL, NULL, NULL, NULL)
INSERT [dbo].[Student] ([StudentID], [SchoolID], [Code], [Name], [Sex], [Birthday], [Address], [Phone]) VALUES (526, 4, N'HS0475', N'Phạm Văn Hải', NULL, NULL, NULL, NULL)
INSERT [dbo].[Student] ([StudentID], [SchoolID], [Code], [Name], [Sex], [Birthday], [Address], [Phone]) VALUES (527, 5, N'HS0476', N'Lê Thị Thu Hiền', NULL, NULL, NULL, NULL)
INSERT [dbo].[Student] ([StudentID], [SchoolID], [Code], [Name], [Sex], [Birthday], [Address], [Phone]) VALUES (528, 7, N'HS0477', N'Nguyễn Văn Minh', NULL, NULL, NULL, NULL)
INSERT [dbo].[Student] ([StudentID], [SchoolID], [Code], [Name], [Sex], [Birthday], [Address], [Phone]) VALUES (529, 11, N'HS0478', N'Phạm Thị Mai Anh', NULL, NULL, NULL, NULL)
INSERT [dbo].[Student] ([StudentID], [SchoolID], [Code], [Name], [Sex], [Birthday], [Address], [Phone]) VALUES (530, 2, N'HS0479', N'Trần Văn Tiến', NULL, NULL, NULL, NULL)
INSERT [dbo].[Student] ([StudentID], [SchoolID], [Code], [Name], [Sex], [Birthday], [Address], [Phone]) VALUES (531, 4, N'HS0480', N'Võ Thị Kim Ngân', NULL, NULL, NULL, NULL)
INSERT [dbo].[Student] ([StudentID], [SchoolID], [Code], [Name], [Sex], [Birthday], [Address], [Phone]) VALUES (532, 5, N'HS0481', N'Phan Văn Tùng', NULL, NULL, NULL, NULL)
INSERT [dbo].[Student] ([StudentID], [SchoolID], [Code], [Name], [Sex], [Birthday], [Address], [Phone]) VALUES (533, 7, N'HS0482', N'Lê Thị Thanh', NULL, NULL, NULL, NULL)
INSERT [dbo].[Student] ([StudentID], [SchoolID], [Code], [Name], [Sex], [Birthday], [Address], [Phone]) VALUES (534, 11, N'HS0483', N'Nguyễn Văn Lộc', NULL, NULL, NULL, NULL)
INSERT [dbo].[Student] ([StudentID], [SchoolID], [Code], [Name], [Sex], [Birthday], [Address], [Phone]) VALUES (535, 2, N'HS0484', N'Trần Thị Hương', NULL, NULL, NULL, NULL)
INSERT [dbo].[Student] ([StudentID], [SchoolID], [Code], [Name], [Sex], [Birthday], [Address], [Phone]) VALUES (536, 4, N'HS0485', N'Phạm Văn Đạt', NULL, NULL, NULL, NULL)
INSERT [dbo].[Student] ([StudentID], [SchoolID], [Code], [Name], [Sex], [Birthday], [Address], [Phone]) VALUES (537, 5, N'HS0486', N'Lê Thị Thu', NULL, NULL, NULL, NULL)
INSERT [dbo].[Student] ([StudentID], [SchoolID], [Code], [Name], [Sex], [Birthday], [Address], [Phone]) VALUES (538, 7, N'HS0487', N'Nguyễn Thị Hồng', NULL, NULL, NULL, NULL)
INSERT [dbo].[Student] ([StudentID], [SchoolID], [Code], [Name], [Sex], [Birthday], [Address], [Phone]) VALUES (539, 11, N'HS0488', N'Phạm Văn Đức', NULL, NULL, NULL, NULL)
INSERT [dbo].[Student] ([StudentID], [SchoolID], [Code], [Name], [Sex], [Birthday], [Address], [Phone]) VALUES (540, 2, N'HS0489', N'Trần Văn Khoa', NULL, NULL, NULL, NULL)
INSERT [dbo].[Student] ([StudentID], [SchoolID], [Code], [Name], [Sex], [Birthday], [Address], [Phone]) VALUES (541, 4, N'HS0490', N'Võ Thị Thanh', NULL, NULL, NULL, NULL)
INSERT [dbo].[Student] ([StudentID], [SchoolID], [Code], [Name], [Sex], [Birthday], [Address], [Phone]) VALUES (542, 5, N'HS0491', N'Phan Văn Khánh', NULL, NULL, NULL, NULL)
INSERT [dbo].[Student] ([StudentID], [SchoolID], [Code], [Name], [Sex], [Birthday], [Address], [Phone]) VALUES (543, 7, N'HS0492', N'Lê Thị Kim Ngân', NULL, NULL, NULL, NULL)
INSERT [dbo].[Student] ([StudentID], [SchoolID], [Code], [Name], [Sex], [Birthday], [Address], [Phone]) VALUES (544, 11, N'HS0493', N'Nguyễn Văn Hùng', NULL, NULL, NULL, NULL)
INSERT [dbo].[Student] ([StudentID], [SchoolID], [Code], [Name], [Sex], [Birthday], [Address], [Phone]) VALUES (545, 2, N'HS0494', N'Trần Thị Minh Tâm', NULL, NULL, NULL, NULL)
INSERT [dbo].[Student] ([StudentID], [SchoolID], [Code], [Name], [Sex], [Birthday], [Address], [Phone]) VALUES (546, 4, N'HS0495', N'Phạm Văn Toàn', NULL, NULL, NULL, NULL)
INSERT [dbo].[Student] ([StudentID], [SchoolID], [Code], [Name], [Sex], [Birthday], [Address], [Phone]) VALUES (547, 5, N'HS0496', N'Lê Thị Minh Ngọc', NULL, NULL, NULL, NULL)
INSERT [dbo].[Student] ([StudentID], [SchoolID], [Code], [Name], [Sex], [Birthday], [Address], [Phone]) VALUES (548, 7, N'HS0497', N'Nguyễn Văn Tiến', NULL, NULL, NULL, NULL)
INSERT [dbo].[Student] ([StudentID], [SchoolID], [Code], [Name], [Sex], [Birthday], [Address], [Phone]) VALUES (549, 11, N'HS0498', N'Phạm Thị Lan', NULL, NULL, NULL, NULL)
INSERT [dbo].[Student] ([StudentID], [SchoolID], [Code], [Name], [Sex], [Birthday], [Address], [Phone]) VALUES (550, 2, N'HS0499', N'Trần Văn Quang', NULL, NULL, NULL, NULL)
GO
INSERT [dbo].[Student] ([StudentID], [SchoolID], [Code], [Name], [Sex], [Birthday], [Address], [Phone]) VALUES (551, 4, N'HS0500', N'Võ Thị Hồng', NULL, NULL, NULL, NULL)
SET IDENTITY_INSERT [dbo].[Student] OFF

GO
SET IDENTITY_INSERT [dbo].[Time] ON 

INSERT [dbo].[Time] ([TimeID], [ClassGroupID], [Slot], [Time]) VALUES (1, 1, 1, CAST(N'23:59:59' AS Time))
INSERT [dbo].[Time] ([TimeID], [ClassGroupID], [Slot], [Time]) VALUES (2, 2, 2, CAST(N'23:59:59' AS Time))
INSERT [dbo].[Time] ([TimeID], [ClassGroupID], [Slot], [Time]) VALUES (3, 4, 3, CAST(N'23:59:59' AS Time))
SET IDENTITY_INSERT [dbo].[Time] OFF
GO
SET IDENTITY_INSERT [dbo].[ViolationGroup] ON 

INSERT [dbo].[ViolationGroup] ([ViolationGroupID], [Code], [Name], [Description]) VALUES (1, NULL, N'Vi phạm chuyên cần', NULL)
INSERT [dbo].[ViolationGroup] ([ViolationGroupID], [Code], [Name], [Description]) VALUES (2, NULL, N'Vi phạm nề nếp', NULL)
INSERT [dbo].[ViolationGroup] ([ViolationGroupID], [Code], [Name], [Description]) VALUES (3, NULL, N'Vi phạm học tập - thi cử', NULL)
INSERT [dbo].[ViolationGroup] ([ViolationGroupID], [Code], [Name], [Description]) VALUES (4, NULL, N'Vi phạm đạo đức', NULL)
INSERT [dbo].[ViolationGroup] ([ViolationGroupID], [Code], [Name], [Description]) VALUES (5, NULL, N'Vi phạm môi trường và tài sản chung', NULL)
INSERT [dbo].[ViolationGroup] ([ViolationGroupID], [Code], [Name], [Description]) VALUES (6, NULL, N'Vi phạm tác phong', NULL)
SET IDENTITY_INSERT [dbo].[ViolationGroup] OFF
GO
SET IDENTITY_INSERT [dbo].[ViolationType] ON 

INSERT [dbo].[ViolationType] ([ViolationTypeID], [ViolationGroupID], [Name], [Description]) VALUES (1, 1, N'Nghỉ học có phép/không phép', NULL)
INSERT [dbo].[ViolationType] ([ViolationTypeID], [ViolationGroupID], [Name], [Description]) VALUES (5, 1, N'Đi học trễ', NULL)
INSERT [dbo].[ViolationType] ([ViolationTypeID], [ViolationGroupID], [Name], [Description]) VALUES (6, 1, N'Bỏ tiết/trốn tiết', NULL)
INSERT [dbo].[ViolationType] ([ViolationTypeID], [ViolationGroupID], [Name], [Description]) VALUES (7, 1, N'Nghỉ buổi lao động có phép/không phép', NULL)
INSERT [dbo].[ViolationType] ([ViolationTypeID], [ViolationGroupID], [Name], [Description]) VALUES (8, 2, N'Đi lại trên hành lang, ngoài sân trong giờ học', NULL)
INSERT [dbo].[ViolationType] ([ViolationTypeID], [ViolationGroupID], [Name], [Description]) VALUES (9, 2, N'Gây ồn ào, mất trật tự', NULL)
INSERT [dbo].[ViolationType] ([ViolationTypeID], [ViolationGroupID], [Name], [Description]) VALUES (10, 2, N'Leo rào, trèo tường', NULL)
INSERT [dbo].[ViolationType] ([ViolationTypeID], [ViolationGroupID], [Name], [Description]) VALUES (11, 2, N'Đi vệ sinh sai nơi quy định', NULL)
INSERT [dbo].[ViolationType] ([ViolationTypeID], [ViolationGroupID], [Name], [Description]) VALUES (12, 2, N'Để xe sai quy định', NULL)
INSERT [dbo].[ViolationType] ([ViolationTypeID], [ViolationGroupID], [Name], [Description]) VALUES (13, 2, N'Đưa người lạ mặt vào trường', NULL)
INSERT [dbo].[ViolationType] ([ViolationTypeID], [ViolationGroupID], [Name], [Description]) VALUES (14, 2, N'Mang điện thoại, tư trang quý vào trường', NULL)
INSERT [dbo].[ViolationType] ([ViolationTypeID], [ViolationGroupID], [Name], [Description]) VALUES (15, 2, N'Vi phạm luật giao thông', NULL)
INSERT [dbo].[ViolationType] ([ViolationTypeID], [ViolationGroupID], [Name], [Description]) VALUES (16, 2, N'Uống rượu, hút thuốc, sử dụng chất kích thích gây nghiện', NULL)
INSERT [dbo].[ViolationType] ([ViolationTypeID], [ViolationGroupID], [Name], [Description]) VALUES (17, 2, N'Cờ bạc', NULL)
INSERT [dbo].[ViolationType] ([ViolationTypeID], [ViolationGroupID], [Name], [Description]) VALUES (18, 3, N'Không mang đủ sách vở, dụng cụ học tập', NULL)
INSERT [dbo].[ViolationType] ([ViolationTypeID], [ViolationGroupID], [Name], [Description]) VALUES (19, 3, N'Không chú ý nghe giảng', NULL)
INSERT [dbo].[ViolationType] ([ViolationTypeID], [ViolationGroupID], [Name], [Description]) VALUES (20, 3, N'Không chép bài đầy đủ', NULL)
INSERT [dbo].[ViolationType] ([ViolationTypeID], [ViolationGroupID], [Name], [Description]) VALUES (21, 3, N'Không làm bài tập về nhà', NULL)
INSERT [dbo].[ViolationType] ([ViolationTypeID], [ViolationGroupID], [Name], [Description]) VALUES (22, 3, N'Nói chuyện, làm việc riêng trong giờ học', NULL)
INSERT [dbo].[ViolationType] ([ViolationTypeID], [ViolationGroupID], [Name], [Description]) VALUES (23, 3, N'Ngồi không đúng vị trí trong lớp', NULL)
INSERT [dbo].[ViolationType] ([ViolationTypeID], [ViolationGroupID], [Name], [Description]) VALUES (24, 3, N'Tự ý ra khỏi lớp trong giờ học', NULL)
INSERT [dbo].[ViolationType] ([ViolationTypeID], [ViolationGroupID], [Name], [Description]) VALUES (25, 3, N'Quay cóp trong giờ kiểm tra', NULL)
INSERT [dbo].[ViolationType] ([ViolationTypeID], [ViolationGroupID], [Name], [Description]) VALUES (26, 3, N'Sử dụng tài liệu trong lúc thi', NULL)
INSERT [dbo].[ViolationType] ([ViolationTypeID], [ViolationGroupID], [Name], [Description]) VALUES (28, 4, N'Vô lễ với thầy cô giáo', NULL)
INSERT [dbo].[ViolationType] ([ViolationTypeID], [ViolationGroupID], [Name], [Description]) VALUES (29, 4, N'Nói tục, chửi thề', NULL)
INSERT [dbo].[ViolationType] ([ViolationTypeID], [ViolationGroupID], [Name], [Description]) VALUES (30, 4, N'Nói dối, gian lận', NULL)
INSERT [dbo].[ViolationType] ([ViolationTypeID], [ViolationGroupID], [Name], [Description]) VALUES (31, 4, N'Ăn vạ, ăn cắp', NULL)
INSERT [dbo].[ViolationType] ([ViolationTypeID], [ViolationGroupID], [Name], [Description]) VALUES (32, 4, N'Bắt nạt, ngược đãi bạn học', NULL)
INSERT [dbo].[ViolationType] ([ViolationTypeID], [ViolationGroupID], [Name], [Description]) VALUES (33, 4, N'Gây sự, đánh nhau', NULL)
INSERT [dbo].[ViolationType] ([ViolationTypeID], [ViolationGroupID], [Name], [Description]) VALUES (34, 4, N'Ăn mặc phản cảm', NULL)
INSERT [dbo].[ViolationType] ([ViolationTypeID], [ViolationGroupID], [Name], [Description]) VALUES (35, 4, N'Lưu hành văn hóa phẩm đồi trụy', NULL)
INSERT [dbo].[ViolationType] ([ViolationTypeID], [ViolationGroupID], [Name], [Description]) VALUES (36, 4, N'Sử dụng mạng xã hội một cách tiêu cực', NULL)
INSERT [dbo].[ViolationType] ([ViolationTypeID], [ViolationGroupID], [Name], [Description]) VALUES (37, 4, N'Không tham gia hoạt động tình nguyện', NULL)
INSERT [dbo].[ViolationType] ([ViolationTypeID], [ViolationGroupID], [Name], [Description]) VALUES (38, 5, N'Xả rác bừa bãi', NULL)
INSERT [dbo].[ViolationType] ([ViolationTypeID], [ViolationGroupID], [Name], [Description]) VALUES (39, 5, N'Mang đồ ăn vào trong lớp', NULL)
INSERT [dbo].[ViolationType] ([ViolationTypeID], [ViolationGroupID], [Name], [Description]) VALUES (40, 5, N'Viết bậy lên mặt bàn/tường', NULL)
INSERT [dbo].[ViolationType] ([ViolationTypeID], [ViolationGroupID], [Name], [Description]) VALUES (41, 5, N'Bẻ hoa, cây cảnh trong khuôn viên trường', NULL)
INSERT [dbo].[ViolationType] ([ViolationTypeID], [ViolationGroupID], [Name], [Description]) VALUES (42, 5, N'Phung phí điện nước của trường', NULL)
INSERT [dbo].[ViolationType] ([ViolationTypeID], [ViolationGroupID], [Name], [Description]) VALUES (43, 5, N'Phá hoại/làm mất tài sản của trường học', NULL)
INSERT [dbo].[ViolationType] ([ViolationTypeID], [ViolationGroupID], [Name], [Description]) VALUES (44, 5, N'Trộm cắp tài sản của bạn học, nhà trường', NULL)
INSERT [dbo].[ViolationType] ([ViolationTypeID], [ViolationGroupID], [Name], [Description]) VALUES (45, 5, N'Chiếm đoạt hoặc sử dụng trái phép tài sản', NULL)
INSERT [dbo].[ViolationType] ([ViolationTypeID], [ViolationGroupID], [Name], [Description]) VALUES (46, 6, N'Không mặc đồng phục', NULL)
INSERT [dbo].[ViolationType] ([ViolationTypeID], [ViolationGroupID], [Name], [Description]) VALUES (48, 6, N'Mặc đồng phục không chuẩn', NULL)
INSERT [dbo].[ViolationType] ([ViolationTypeID], [ViolationGroupID], [Name], [Description]) VALUES (49, 6, N'Thay đổi về đồng phục', NULL)
INSERT [dbo].[ViolationType] ([ViolationTypeID], [ViolationGroupID], [Name], [Description]) VALUES (50, 6, N'Đeo phụ kiện trái phép', NULL)
INSERT [dbo].[ViolationType] ([ViolationTypeID], [ViolationGroupID], [Name], [Description]) VALUES (51, 6, N'Mặc đồng phục bẩn hoặc hư hỏng', NULL)
INSERT [dbo].[ViolationType] ([ViolationTypeID], [ViolationGroupID], [Name], [Description]) VALUES (52, 6, N'Mặc quá lố hoặc lòe loẹt', NULL)
INSERT [dbo].[ViolationType] ([ViolationTypeID], [ViolationGroupID], [Name], [Description]) VALUES (53, 6, N'Mang giày bẩn hoặc nhếch nhác', NULL)
INSERT [dbo].[ViolationType] ([ViolationTypeID], [ViolationGroupID], [Name], [Description]) VALUES (54, 6, N'Mang giày hư', NULL)
INSERT [dbo].[ViolationType] ([ViolationTypeID], [ViolationGroupID], [Name], [Description]) VALUES (55, 6, N'Mang giày không an toàn', NULL)
INSERT [dbo].[ViolationType] ([ViolationTypeID], [ViolationGroupID], [Name], [Description]) VALUES (56, 6, N'Mang giày không phù hợp với hoạt động', NULL)
INSERT [dbo].[ViolationType] ([ViolationTypeID], [ViolationGroupID], [Name], [Description]) VALUES (57, 6, N'Mang giày không liên quan đến môi trường học tập', NULL)
INSERT [dbo].[ViolationType] ([ViolationTypeID], [ViolationGroupID], [Name], [Description]) VALUES (58, 6, N'Kiểu tóc không phù hợp', NULL)
INSERT [dbo].[ViolationType] ([ViolationTypeID], [ViolationGroupID], [Name], [Description]) VALUES (59, 6, N'Màu tóc không phù hợp', NULL)
INSERT [dbo].[ViolationType] ([ViolationTypeID], [ViolationGroupID], [Name], [Description]) VALUES (61, 6, N'Phụ kiện tóc trái phép', NULL)
INSERT [dbo].[ViolationType] ([ViolationTypeID], [ViolationGroupID], [Name], [Description]) VALUES (62, 6, N'Tóc bẩn hoặc bù xù', NULL)
INSERT [dbo].[ViolationType] ([ViolationTypeID], [ViolationGroupID], [Name], [Description]) VALUES (63, 6, N'Son móng tay', NULL)
INSERT [dbo].[ViolationType] ([ViolationTypeID], [ViolationGroupID], [Name], [Description]) VALUES (64, 6, N'Nhuộm tóc', NULL)
INSERT [dbo].[ViolationType] ([ViolationTypeID], [ViolationGroupID], [Name], [Description]) VALUES (65, 6, N'Son môi', NULL)
INSERT [dbo].[ViolationType] ([ViolationTypeID], [ViolationGroupID], [Name], [Description]) VALUES (66, 6, N'Không mang khăn quàng/phù hiệu', NULL)
SET IDENTITY_INSERT [dbo].[ViolationType] OFF
GO

SET IDENTITY_INSERT [dbo].[Class] ON 

INSERT [dbo].[Class] ([ClassID], [SchoolYearID], [ClassGroupID], [Code], [Room], [Name], [TotalPoint]) VALUES (5, 3, 1, N'CL001', N'001', N'10A1', 14)
INSERT [dbo].[Class] ([ClassID], [SchoolYearID], [ClassGroupID], [Code], [Room], [Name], [TotalPoint]) VALUES (6, 5, 2, N'CL002', N'002', N'11B1', 20)
INSERT [dbo].[Class] ([ClassID], [SchoolYearID], [ClassGroupID], [Code], [Room], [Name], [TotalPoint]) VALUES (7, 3, 4, N'CL003', N'003', N'12C1', 14)
INSERT [dbo].[Class] ([ClassID], [SchoolYearID], [ClassGroupID], [Code], [Room], [Name], [TotalPoint]) VALUES (8, 3, 1, N'CL004', N'004', N'10A2', 45)
INSERT [dbo].[Class] ([ClassID], [SchoolYearID], [ClassGroupID], [Code], [Room], [Name], [TotalPoint]) VALUES (9, 3, 2, N'CL005', N'005', N'11B2', 87)
INSERT [dbo].[Class] ([ClassID], [SchoolYearID], [ClassGroupID], [Code], [Room], [Name], [TotalPoint]) VALUES (10, 3, 4, N'CL006', N'006', N'12C2', 45)
INSERT [dbo].[Class] ([ClassID], [SchoolYearID], [ClassGroupID], [Code], [Room], [Name], [TotalPoint]) VALUES (11, 3, 1, N'CL007', N'007', N'10A3', 90)
INSERT [dbo].[Class] ([ClassID], [SchoolYearID], [ClassGroupID], [Code], [Room], [Name], [TotalPoint]) VALUES (12, 3, 2, N'CL008', N'008', N'11B3', 32)
INSERT [dbo].[Class] ([ClassID], [SchoolYearID], [ClassGroupID], [Code], [Room], [Name], [TotalPoint]) VALUES (13, 3, 4, N'CL009', N'009', N'12C3', 46)
INSERT [dbo].[Class] ([ClassID], [SchoolYearID], [ClassGroupID], [Code], [Room], [Name], [TotalPoint]) VALUES (14, 3, 1, N'CL010', N'010', N'10A4', 58)
INSERT [dbo].[Class] ([ClassID], [SchoolYearID], [ClassGroupID], [Code], [Room], [Name], [TotalPoint]) VALUES (15, 3, 2, N'CL011', N'011', N'11B4', 26)
INSERT [dbo].[Class] ([ClassID], [SchoolYearID], [ClassGroupID], [Code], [Room], [Name], [TotalPoint]) VALUES (16, 3, 4, N'CL012', N'012', N'12C4', 48)
INSERT [dbo].[Class] ([ClassID], [SchoolYearID], [ClassGroupID], [Code], [Room], [Name], [TotalPoint]) VALUES (17, 3, 1, N'CL013', N'013', N'10A5', 24)
INSERT [dbo].[Class] ([ClassID], [SchoolYearID], [ClassGroupID], [Code], [Room], [Name], [TotalPoint]) VALUES (18, 3, 2, N'CL014', N'014', N'11B5', 13)
INSERT [dbo].[Class] ([ClassID], [SchoolYearID], [ClassGroupID], [Code], [Room], [Name], [TotalPoint]) VALUES (19, 3, 4, N'CL015', N'015', N'12C5', 15)
INSERT [dbo].[Class] ([ClassID], [SchoolYearID], [ClassGroupID], [Code], [Room], [Name], [TotalPoint]) VALUES (20, 5, 1, N'CL016', N'016', N'10A1', 80)
INSERT [dbo].[Class] ([ClassID], [SchoolYearID], [ClassGroupID], [Code], [Room], [Name], [TotalPoint]) VALUES (21, 5, 2, N'CL017', N'017', N'11B1', 48)
INSERT [dbo].[Class] ([ClassID], [SchoolYearID], [ClassGroupID], [Code], [Room], [Name], [TotalPoint]) VALUES (22, 5, 4, N'CL018', N'018', N'12C1', 84)
INSERT [dbo].[Class] ([ClassID], [SchoolYearID], [ClassGroupID], [Code], [Room], [Name], [TotalPoint]) VALUES (23, 5, 1, N'CL019', N'019', N'10A2', 15)
INSERT [dbo].[Class] ([ClassID], [SchoolYearID], [ClassGroupID], [Code], [Room], [Name], [TotalPoint]) VALUES (24, 5, 2, N'CL020', N'020', N'11B2', 26)
INSERT [dbo].[Class] ([ClassID], [SchoolYearID], [ClassGroupID], [Code], [Room], [Name], [TotalPoint]) VALUES (25, 5, 4, N'CL021', N'021', N'12C2', 94)
INSERT [dbo].[Class] ([ClassID], [SchoolYearID], [ClassGroupID], [Code], [Room], [Name], [TotalPoint]) VALUES (26, 5, 1, N'CL022', N'022', N'10A3', 98)
INSERT [dbo].[Class] ([ClassID], [SchoolYearID], [ClassGroupID], [Code], [Room], [Name], [TotalPoint]) VALUES (27, 5, 2, N'CL023', N'023', N'11B3', 98)
INSERT [dbo].[Class] ([ClassID], [SchoolYearID], [ClassGroupID], [Code], [Room], [Name], [TotalPoint]) VALUES (28, 5, 4, N'CL024', N'024', N'12C3', 69)
INSERT [dbo].[Class] ([ClassID], [SchoolYearID], [ClassGroupID], [Code], [Room], [Name], [TotalPoint]) VALUES (29, 5, 1, N'CL025', N'025', N'10A4', 45)
INSERT [dbo].[Class] ([ClassID], [SchoolYearID], [ClassGroupID], [Code], [Room], [Name], [TotalPoint]) VALUES (30, 5, 2, N'CL026', N'026', N'11B4', 65)
INSERT [dbo].[Class] ([ClassID], [SchoolYearID], [ClassGroupID], [Code], [Room], [Name], [TotalPoint]) VALUES (31, 5, 4, N'CL027', N'027', N'12C4', 94)
INSERT [dbo].[Class] ([ClassID], [SchoolYearID], [ClassGroupID], [Code], [Room], [Name], [TotalPoint]) VALUES (32, 5, 1, N'CL028', N'028', N'10A5', 79)
INSERT [dbo].[Class] ([ClassID], [SchoolYearID], [ClassGroupID], [Code], [Room], [Name], [TotalPoint]) VALUES (33, 5, 2, N'CL029', N'029', N'11B5', 49)
INSERT [dbo].[Class] ([ClassID], [SchoolYearID], [ClassGroupID], [Code], [Room], [Name], [TotalPoint]) VALUES (34, 5, 4, N'CL030', N'030', N'12C5', 94)
INSERT [dbo].[Class] ([ClassID], [SchoolYearID], [ClassGroupID], [Code], [Room], [Name], [TotalPoint]) VALUES (35, 6, 1, N'CL031', N'031', N'10A1', NULL)
INSERT [dbo].[Class] ([ClassID], [SchoolYearID], [ClassGroupID], [Code], [Room], [Name], [TotalPoint]) VALUES (36, 6, 2, N'CL032', N'032', N'11B1', NULL)
INSERT [dbo].[Class] ([ClassID], [SchoolYearID], [ClassGroupID], [Code], [Room], [Name], [TotalPoint]) VALUES (37, 6, 4, N'CL033', N'033', N'12C1', NULL)
INSERT [dbo].[Class] ([ClassID], [SchoolYearID], [ClassGroupID], [Code], [Room], [Name], [TotalPoint]) VALUES (38, 6, 1, N'CL034', N'034', N'10A2', NULL)
INSERT [dbo].[Class] ([ClassID], [SchoolYearID], [ClassGroupID], [Code], [Room], [Name], [TotalPoint]) VALUES (39, 6, 2, N'CL035', N'035', N'11B2', NULL)
INSERT [dbo].[Class] ([ClassID], [SchoolYearID], [ClassGroupID], [Code], [Room], [Name], [TotalPoint]) VALUES (40, 6, 4, N'CL036', N'036', N'12C2', NULL)
INSERT [dbo].[Class] ([ClassID], [SchoolYearID], [ClassGroupID], [Code], [Room], [Name], [TotalPoint]) VALUES (41, 6, 1, N'CL037', N'037', N'10A3', NULL)
INSERT [dbo].[Class] ([ClassID], [SchoolYearID], [ClassGroupID], [Code], [Room], [Name], [TotalPoint]) VALUES (42, 6, 2, N'CL038', N'038', N'11B3', NULL)
INSERT [dbo].[Class] ([ClassID], [SchoolYearID], [ClassGroupID], [Code], [Room], [Name], [TotalPoint]) VALUES (43, 6, 4, N'CL039', N'039', N'12C3', NULL)
INSERT [dbo].[Class] ([ClassID], [SchoolYearID], [ClassGroupID], [Code], [Room], [Name], [TotalPoint]) VALUES (44, 6, 1, N'CL040', N'040', N'10A4', NULL)
INSERT [dbo].[Class] ([ClassID], [SchoolYearID], [ClassGroupID], [Code], [Room], [Name], [TotalPoint]) VALUES (45, 6, 2, N'CL041', N'041', N'11B4', NULL)
INSERT [dbo].[Class] ([ClassID], [SchoolYearID], [ClassGroupID], [Code], [Room], [Name], [TotalPoint]) VALUES (46, 6, 4, N'CL042', N'042', N'12C4', NULL)
INSERT [dbo].[Class] ([ClassID], [SchoolYearID], [ClassGroupID], [Code], [Room], [Name], [TotalPoint]) VALUES (47, 6, 1, N'CL043', N'043', N'10A5', NULL)
INSERT [dbo].[Class] ([ClassID], [SchoolYearID], [ClassGroupID], [Code], [Room], [Name], [TotalPoint]) VALUES (48, 6, 2, N'CL044', N'044', N'11B5', NULL)
INSERT [dbo].[Class] ([ClassID], [SchoolYearID], [ClassGroupID], [Code], [Room], [Name], [TotalPoint]) VALUES (49, 6, 4, N'CL045', N'045', N'12C5', NULL)
INSERT [dbo].[Class] ([ClassID], [SchoolYearID], [ClassGroupID], [Code], [Room], [Name], [TotalPoint]) VALUES (50, 8, 1, N'CL046', N'046', N'10A1', NULL)
INSERT [dbo].[Class] ([ClassID], [SchoolYearID], [ClassGroupID], [Code], [Room], [Name], [TotalPoint]) VALUES (51, 8, 2, N'CL047', N'047', N'11B1', NULL)
INSERT [dbo].[Class] ([ClassID], [SchoolYearID], [ClassGroupID], [Code], [Room], [Name], [TotalPoint]) VALUES (52, 8, 4, N'CL048', N'048', N'12C1', NULL)
INSERT [dbo].[Class] ([ClassID], [SchoolYearID], [ClassGroupID], [Code], [Room], [Name], [TotalPoint]) VALUES (53, 8, 1, N'CL049', N'049', N'10A2', NULL)
INSERT [dbo].[Class] ([ClassID], [SchoolYearID], [ClassGroupID], [Code], [Room], [Name], [TotalPoint]) VALUES (54, 8, 2, N'CL050', N'050', N'11B2', NULL)
INSERT [dbo].[Class] ([ClassID], [SchoolYearID], [ClassGroupID], [Code], [Room], [Name], [TotalPoint]) VALUES (55, 8, 4, N'CL051', N'051', N'12C2', NULL)
INSERT [dbo].[Class] ([ClassID], [SchoolYearID], [ClassGroupID], [Code], [Room], [Name], [TotalPoint]) VALUES (56, 8, 1, N'CL052', N'052', N'10A3', NULL)
INSERT [dbo].[Class] ([ClassID], [SchoolYearID], [ClassGroupID], [Code], [Room], [Name], [TotalPoint]) VALUES (57, 8, 2, N'CL053', N'053', N'11B3', NULL)
INSERT [dbo].[Class] ([ClassID], [SchoolYearID], [ClassGroupID], [Code], [Room], [Name], [TotalPoint]) VALUES (58, 8, 4, N'CL054', N'054', N'12C3', NULL)
INSERT [dbo].[Class] ([ClassID], [SchoolYearID], [ClassGroupID], [Code], [Room], [Name], [TotalPoint]) VALUES (59, 8, 1, N'CL055', N'055', N'10A4', NULL)
INSERT [dbo].[Class] ([ClassID], [SchoolYearID], [ClassGroupID], [Code], [Room], [Name], [TotalPoint]) VALUES (60, 8, 2, N'CL056', N'056', N'11B4', NULL)
INSERT [dbo].[Class] ([ClassID], [SchoolYearID], [ClassGroupID], [Code], [Room], [Name], [TotalPoint]) VALUES (61, 8, 4, N'CL057', N'057', N'12C4', NULL)
INSERT [dbo].[Class] ([ClassID], [SchoolYearID], [ClassGroupID], [Code], [Room], [Name], [TotalPoint]) VALUES (62, 8, 1, N'CL058', N'058', N'10A5', NULL)
INSERT [dbo].[Class] ([ClassID], [SchoolYearID], [ClassGroupID], [Code], [Room], [Name], [TotalPoint]) VALUES (63, 8, 2, N'CL059', N'059', N'11B5', NULL)
INSERT [dbo].[Class] ([ClassID], [SchoolYearID], [ClassGroupID], [Code], [Room], [Name], [TotalPoint]) VALUES (64, 8, 4, N'CL060', N'060', N'12C5', NULL)
INSERT [dbo].[Class] ([ClassID], [SchoolYearID], [ClassGroupID], [Code], [Room], [Name], [TotalPoint]) VALUES (65, 9, 1, N'CL061', N'061', N'10A1', NULL)
INSERT [dbo].[Class] ([ClassID], [SchoolYearID], [ClassGroupID], [Code], [Room], [Name], [TotalPoint]) VALUES (66, 9, 2, N'CL062', N'062', N'11B1', NULL)
INSERT [dbo].[Class] ([ClassID], [SchoolYearID], [ClassGroupID], [Code], [Room], [Name], [TotalPoint]) VALUES (67, 9, 4, N'CL063', N'063', N'12C1', NULL)
INSERT [dbo].[Class] ([ClassID], [SchoolYearID], [ClassGroupID], [Code], [Room], [Name], [TotalPoint]) VALUES (68, 9, 1, N'CL064', N'064', N'10A2', NULL)
INSERT [dbo].[Class] ([ClassID], [SchoolYearID], [ClassGroupID], [Code], [Room], [Name], [TotalPoint]) VALUES (69, 9, 2, N'CL065', N'065', N'11B2', NULL)
INSERT [dbo].[Class] ([ClassID], [SchoolYearID], [ClassGroupID], [Code], [Room], [Name], [TotalPoint]) VALUES (70, 9, 4, N'CL066', N'066', N'12C2', NULL)
INSERT [dbo].[Class] ([ClassID], [SchoolYearID], [ClassGroupID], [Code], [Room], [Name], [TotalPoint]) VALUES (71, 9, 1, N'CL067', N'067', N'10A3', NULL)
INSERT [dbo].[Class] ([ClassID], [SchoolYearID], [ClassGroupID], [Code], [Room], [Name], [TotalPoint]) VALUES (72, 9, 2, N'CL068', N'068', N'11B3', NULL)
INSERT [dbo].[Class] ([ClassID], [SchoolYearID], [ClassGroupID], [Code], [Room], [Name], [TotalPoint]) VALUES (73, 9, 4, N'CL069', N'069', N'12C3', NULL)
INSERT [dbo].[Class] ([ClassID], [SchoolYearID], [ClassGroupID], [Code], [Room], [Name], [TotalPoint]) VALUES (74, 9, 1, N'CL070', N'070', N'10A4', NULL)
INSERT [dbo].[Class] ([ClassID], [SchoolYearID], [ClassGroupID], [Code], [Room], [Name], [TotalPoint]) VALUES (75, 9, 2, N'CL071', N'071', N'11B4', NULL)
INSERT [dbo].[Class] ([ClassID], [SchoolYearID], [ClassGroupID], [Code], [Room], [Name], [TotalPoint]) VALUES (76, 9, 4, N'CL072', N'072', N'12C4', NULL)
INSERT [dbo].[Class] ([ClassID], [SchoolYearID], [ClassGroupID], [Code], [Room], [Name], [TotalPoint]) VALUES (77, 9, 1, N'CL073', N'073', N'10A5', NULL)
INSERT [dbo].[Class] ([ClassID], [SchoolYearID], [ClassGroupID], [Code], [Room], [Name], [TotalPoint]) VALUES (78, 9, 2, N'CL074', N'074', N'11B5', NULL)
INSERT [dbo].[Class] ([ClassID], [SchoolYearID], [ClassGroupID], [Code], [Room], [Name], [TotalPoint]) VALUES (79, 9, 4, N'CL075', N'075', N'12C5', NULL)
SET IDENTITY_INSERT [dbo].[Class] OFF
GO

GO
SET IDENTITY_INSERT [dbo].[StudentInClass] ON 

INSERT [dbo].[StudentInClass] ([StudentInClassID], [ClassID], [StudentID], [EnrollDate], [IsSupervisor], [Status]) VALUES (501, 5, 29, NULL, NULL, NULL)
INSERT [dbo].[StudentInClass] ([StudentInClassID], [ClassID], [StudentID], [EnrollDate], [IsSupervisor], [Status]) VALUES (502, 5, 30, NULL, NULL, NULL)
INSERT [dbo].[StudentInClass] ([StudentInClassID], [ClassID], [StudentID], [EnrollDate], [IsSupervisor], [Status]) VALUES (503, 5, 31, NULL, NULL, NULL)
INSERT [dbo].[StudentInClass] ([StudentInClassID], [ClassID], [StudentID], [EnrollDate], [IsSupervisor], [Status]) VALUES (504, 5, 32, NULL, NULL, NULL)
INSERT [dbo].[StudentInClass] ([StudentInClassID], [ClassID], [StudentID], [EnrollDate], [IsSupervisor], [Status]) VALUES (505, 5, 33, NULL, NULL, NULL)
INSERT [dbo].[StudentInClass] ([StudentInClassID], [ClassID], [StudentID], [EnrollDate], [IsSupervisor], [Status]) VALUES (506, 13, 85, NULL, NULL, NULL)
INSERT [dbo].[StudentInClass] ([StudentInClassID], [ClassID], [StudentID], [EnrollDate], [IsSupervisor], [Status]) VALUES (507, 13, 86, NULL, NULL, NULL)
INSERT [dbo].[StudentInClass] ([StudentInClassID], [ClassID], [StudentID], [EnrollDate], [IsSupervisor], [Status]) VALUES (508, 13, 87, NULL, NULL, NULL)
INSERT [dbo].[StudentInClass] ([StudentInClassID], [ClassID], [StudentID], [EnrollDate], [IsSupervisor], [Status]) VALUES (509, 13, 88, NULL, NULL, NULL)
INSERT [dbo].[StudentInClass] ([StudentInClassID], [ClassID], [StudentID], [EnrollDate], [IsSupervisor], [Status]) VALUES (510, 13, 89, NULL, NULL, NULL)
INSERT [dbo].[StudentInClass] ([StudentInClassID], [ClassID], [StudentID], [EnrollDate], [IsSupervisor], [Status]) VALUES (511, 13, 90, NULL, NULL, NULL)
INSERT [dbo].[StudentInClass] ([StudentInClassID], [ClassID], [StudentID], [EnrollDate], [IsSupervisor], [Status]) VALUES (512, 13, 91, NULL, NULL, NULL)
INSERT [dbo].[StudentInClass] ([StudentInClassID], [ClassID], [StudentID], [EnrollDate], [IsSupervisor], [Status]) VALUES (513, 14, 92, NULL, NULL, NULL)
INSERT [dbo].[StudentInClass] ([StudentInClassID], [ClassID], [StudentID], [EnrollDate], [IsSupervisor], [Status]) VALUES (514, 14, 93, NULL, NULL, NULL)
INSERT [dbo].[StudentInClass] ([StudentInClassID], [ClassID], [StudentID], [EnrollDate], [IsSupervisor], [Status]) VALUES (515, 14, 94, NULL, NULL, NULL)
INSERT [dbo].[StudentInClass] ([StudentInClassID], [ClassID], [StudentID], [EnrollDate], [IsSupervisor], [Status]) VALUES (516, 14, 95, NULL, NULL, NULL)
INSERT [dbo].[StudentInClass] ([StudentInClassID], [ClassID], [StudentID], [EnrollDate], [IsSupervisor], [Status]) VALUES (517, 14, 96, NULL, NULL, NULL)
INSERT [dbo].[StudentInClass] ([StudentInClassID], [ClassID], [StudentID], [EnrollDate], [IsSupervisor], [Status]) VALUES (518, 14, 97, NULL, NULL, NULL)
INSERT [dbo].[StudentInClass] ([StudentInClassID], [ClassID], [StudentID], [EnrollDate], [IsSupervisor], [Status]) VALUES (519, 14, 98, NULL, NULL, NULL)
INSERT [dbo].[StudentInClass] ([StudentInClassID], [ClassID], [StudentID], [EnrollDate], [IsSupervisor], [Status]) VALUES (520, 15, 99, NULL, NULL, NULL)
INSERT [dbo].[StudentInClass] ([StudentInClassID], [ClassID], [StudentID], [EnrollDate], [IsSupervisor], [Status]) VALUES (521, 15, 100, NULL, NULL, NULL)
INSERT [dbo].[StudentInClass] ([StudentInClassID], [ClassID], [StudentID], [EnrollDate], [IsSupervisor], [Status]) VALUES (522, 15, 101, NULL, NULL, NULL)
INSERT [dbo].[StudentInClass] ([StudentInClassID], [ClassID], [StudentID], [EnrollDate], [IsSupervisor], [Status]) VALUES (523, 15, 102, NULL, NULL, NULL)
INSERT [dbo].[StudentInClass] ([StudentInClassID], [ClassID], [StudentID], [EnrollDate], [IsSupervisor], [Status]) VALUES (524, 15, 103, NULL, NULL, NULL)
INSERT [dbo].[StudentInClass] ([StudentInClassID], [ClassID], [StudentID], [EnrollDate], [IsSupervisor], [Status]) VALUES (525, 15, 104, NULL, NULL, NULL)
INSERT [dbo].[StudentInClass] ([StudentInClassID], [ClassID], [StudentID], [EnrollDate], [IsSupervisor], [Status]) VALUES (526, 15, 105, NULL, NULL, NULL)
INSERT [dbo].[StudentInClass] ([StudentInClassID], [ClassID], [StudentID], [EnrollDate], [IsSupervisor], [Status]) VALUES (527, 16, 106, NULL, NULL, NULL)
INSERT [dbo].[StudentInClass] ([StudentInClassID], [ClassID], [StudentID], [EnrollDate], [IsSupervisor], [Status]) VALUES (528, 16, 107, NULL, NULL, NULL)
INSERT [dbo].[StudentInClass] ([StudentInClassID], [ClassID], [StudentID], [EnrollDate], [IsSupervisor], [Status]) VALUES (529, 16, 108, NULL, NULL, NULL)
INSERT [dbo].[StudentInClass] ([StudentInClassID], [ClassID], [StudentID], [EnrollDate], [IsSupervisor], [Status]) VALUES (530, 16, 109, NULL, NULL, NULL)
INSERT [dbo].[StudentInClass] ([StudentInClassID], [ClassID], [StudentID], [EnrollDate], [IsSupervisor], [Status]) VALUES (531, 16, 110, NULL, NULL, NULL)
INSERT [dbo].[StudentInClass] ([StudentInClassID], [ClassID], [StudentID], [EnrollDate], [IsSupervisor], [Status]) VALUES (532, 16, 111, NULL, NULL, NULL)
INSERT [dbo].[StudentInClass] ([StudentInClassID], [ClassID], [StudentID], [EnrollDate], [IsSupervisor], [Status]) VALUES (533, 16, 112, NULL, NULL, NULL)
INSERT [dbo].[StudentInClass] ([StudentInClassID], [ClassID], [StudentID], [EnrollDate], [IsSupervisor], [Status]) VALUES (534, 17, 113, NULL, NULL, NULL)
INSERT [dbo].[StudentInClass] ([StudentInClassID], [ClassID], [StudentID], [EnrollDate], [IsSupervisor], [Status]) VALUES (535, 17, 114, NULL, NULL, NULL)
INSERT [dbo].[StudentInClass] ([StudentInClassID], [ClassID], [StudentID], [EnrollDate], [IsSupervisor], [Status]) VALUES (536, 17, 115, NULL, NULL, NULL)
INSERT [dbo].[StudentInClass] ([StudentInClassID], [ClassID], [StudentID], [EnrollDate], [IsSupervisor], [Status]) VALUES (537, 17, 116, NULL, NULL, NULL)
INSERT [dbo].[StudentInClass] ([StudentInClassID], [ClassID], [StudentID], [EnrollDate], [IsSupervisor], [Status]) VALUES (538, 17, 117, NULL, NULL, NULL)
INSERT [dbo].[StudentInClass] ([StudentInClassID], [ClassID], [StudentID], [EnrollDate], [IsSupervisor], [Status]) VALUES (539, 17, 118, NULL, NULL, NULL)
INSERT [dbo].[StudentInClass] ([StudentInClassID], [ClassID], [StudentID], [EnrollDate], [IsSupervisor], [Status]) VALUES (540, 17, 119, NULL, NULL, NULL)
INSERT [dbo].[StudentInClass] ([StudentInClassID], [ClassID], [StudentID], [EnrollDate], [IsSupervisor], [Status]) VALUES (541, 18, 120, NULL, NULL, NULL)
INSERT [dbo].[StudentInClass] ([StudentInClassID], [ClassID], [StudentID], [EnrollDate], [IsSupervisor], [Status]) VALUES (542, 18, 121, NULL, NULL, NULL)
INSERT [dbo].[StudentInClass] ([StudentInClassID], [ClassID], [StudentID], [EnrollDate], [IsSupervisor], [Status]) VALUES (543, 18, 122, NULL, NULL, NULL)
INSERT [dbo].[StudentInClass] ([StudentInClassID], [ClassID], [StudentID], [EnrollDate], [IsSupervisor], [Status]) VALUES (544, 18, 123, NULL, NULL, NULL)
INSERT [dbo].[StudentInClass] ([StudentInClassID], [ClassID], [StudentID], [EnrollDate], [IsSupervisor], [Status]) VALUES (545, 18, 124, NULL, NULL, NULL)
INSERT [dbo].[StudentInClass] ([StudentInClassID], [ClassID], [StudentID], [EnrollDate], [IsSupervisor], [Status]) VALUES (546, 18, 125, NULL, NULL, NULL)
INSERT [dbo].[StudentInClass] ([StudentInClassID], [ClassID], [StudentID], [EnrollDate], [IsSupervisor], [Status]) VALUES (547, 18, 126, NULL, NULL, NULL)
INSERT [dbo].[StudentInClass] ([StudentInClassID], [ClassID], [StudentID], [EnrollDate], [IsSupervisor], [Status]) VALUES (548, 19, 127, NULL, NULL, NULL)
INSERT [dbo].[StudentInClass] ([StudentInClassID], [ClassID], [StudentID], [EnrollDate], [IsSupervisor], [Status]) VALUES (549, 19, 128, NULL, NULL, NULL)
INSERT [dbo].[StudentInClass] ([StudentInClassID], [ClassID], [StudentID], [EnrollDate], [IsSupervisor], [Status]) VALUES (550, 19, 129, NULL, NULL, NULL)
INSERT [dbo].[StudentInClass] ([StudentInClassID], [ClassID], [StudentID], [EnrollDate], [IsSupervisor], [Status]) VALUES (551, 19, 130, NULL, NULL, NULL)
INSERT [dbo].[StudentInClass] ([StudentInClassID], [ClassID], [StudentID], [EnrollDate], [IsSupervisor], [Status]) VALUES (552, 19, 131, NULL, NULL, NULL)
INSERT [dbo].[StudentInClass] ([StudentInClassID], [ClassID], [StudentID], [EnrollDate], [IsSupervisor], [Status]) VALUES (553, 19, 132, NULL, NULL, NULL)
INSERT [dbo].[StudentInClass] ([StudentInClassID], [ClassID], [StudentID], [EnrollDate], [IsSupervisor], [Status]) VALUES (554, 19, 133, NULL, NULL, NULL)
INSERT [dbo].[StudentInClass] ([StudentInClassID], [ClassID], [StudentID], [EnrollDate], [IsSupervisor], [Status]) VALUES (555, 20, 134, NULL, NULL, NULL)
INSERT [dbo].[StudentInClass] ([StudentInClassID], [ClassID], [StudentID], [EnrollDate], [IsSupervisor], [Status]) VALUES (556, 20, 135, NULL, NULL, NULL)
INSERT [dbo].[StudentInClass] ([StudentInClassID], [ClassID], [StudentID], [EnrollDate], [IsSupervisor], [Status]) VALUES (557, 20, 136, NULL, NULL, NULL)
INSERT [dbo].[StudentInClass] ([StudentInClassID], [ClassID], [StudentID], [EnrollDate], [IsSupervisor], [Status]) VALUES (558, 20, 137, NULL, NULL, NULL)
INSERT [dbo].[StudentInClass] ([StudentInClassID], [ClassID], [StudentID], [EnrollDate], [IsSupervisor], [Status]) VALUES (559, 20, 138, NULL, NULL, NULL)
INSERT [dbo].[StudentInClass] ([StudentInClassID], [ClassID], [StudentID], [EnrollDate], [IsSupervisor], [Status]) VALUES (560, 20, 139, NULL, NULL, NULL)
INSERT [dbo].[StudentInClass] ([StudentInClassID], [ClassID], [StudentID], [EnrollDate], [IsSupervisor], [Status]) VALUES (561, 20, 140, NULL, NULL, NULL)
INSERT [dbo].[StudentInClass] ([StudentInClassID], [ClassID], [StudentID], [EnrollDate], [IsSupervisor], [Status]) VALUES (562, 21, 141, NULL, NULL, NULL)
INSERT [dbo].[StudentInClass] ([StudentInClassID], [ClassID], [StudentID], [EnrollDate], [IsSupervisor], [Status]) VALUES (563, 21, 142, NULL, NULL, NULL)
INSERT [dbo].[StudentInClass] ([StudentInClassID], [ClassID], [StudentID], [EnrollDate], [IsSupervisor], [Status]) VALUES (564, 21, 143, NULL, NULL, NULL)
INSERT [dbo].[StudentInClass] ([StudentInClassID], [ClassID], [StudentID], [EnrollDate], [IsSupervisor], [Status]) VALUES (565, 21, 144, NULL, NULL, NULL)
INSERT [dbo].[StudentInClass] ([StudentInClassID], [ClassID], [StudentID], [EnrollDate], [IsSupervisor], [Status]) VALUES (566, 21, 145, NULL, NULL, NULL)
INSERT [dbo].[StudentInClass] ([StudentInClassID], [ClassID], [StudentID], [EnrollDate], [IsSupervisor], [Status]) VALUES (567, 21, 146, NULL, NULL, NULL)
INSERT [dbo].[StudentInClass] ([StudentInClassID], [ClassID], [StudentID], [EnrollDate], [IsSupervisor], [Status]) VALUES (568, 21, 147, NULL, NULL, NULL)
INSERT [dbo].[StudentInClass] ([StudentInClassID], [ClassID], [StudentID], [EnrollDate], [IsSupervisor], [Status]) VALUES (569, 22, 148, NULL, NULL, NULL)
INSERT [dbo].[StudentInClass] ([StudentInClassID], [ClassID], [StudentID], [EnrollDate], [IsSupervisor], [Status]) VALUES (570, 22, 149, NULL, NULL, NULL)
INSERT [dbo].[StudentInClass] ([StudentInClassID], [ClassID], [StudentID], [EnrollDate], [IsSupervisor], [Status]) VALUES (571, 22, 150, NULL, NULL, NULL)
INSERT [dbo].[StudentInClass] ([StudentInClassID], [ClassID], [StudentID], [EnrollDate], [IsSupervisor], [Status]) VALUES (572, 22, 151, NULL, NULL, NULL)
INSERT [dbo].[StudentInClass] ([StudentInClassID], [ClassID], [StudentID], [EnrollDate], [IsSupervisor], [Status]) VALUES (573, 22, 152, NULL, NULL, NULL)
INSERT [dbo].[StudentInClass] ([StudentInClassID], [ClassID], [StudentID], [EnrollDate], [IsSupervisor], [Status]) VALUES (574, 22, 153, NULL, NULL, NULL)
INSERT [dbo].[StudentInClass] ([StudentInClassID], [ClassID], [StudentID], [EnrollDate], [IsSupervisor], [Status]) VALUES (575, 22, 154, NULL, NULL, NULL)
INSERT [dbo].[StudentInClass] ([StudentInClassID], [ClassID], [StudentID], [EnrollDate], [IsSupervisor], [Status]) VALUES (576, 23, 155, NULL, NULL, NULL)
INSERT [dbo].[StudentInClass] ([StudentInClassID], [ClassID], [StudentID], [EnrollDate], [IsSupervisor], [Status]) VALUES (577, 23, 156, NULL, NULL, NULL)
INSERT [dbo].[StudentInClass] ([StudentInClassID], [ClassID], [StudentID], [EnrollDate], [IsSupervisor], [Status]) VALUES (578, 23, 157, NULL, NULL, NULL)
INSERT [dbo].[StudentInClass] ([StudentInClassID], [ClassID], [StudentID], [EnrollDate], [IsSupervisor], [Status]) VALUES (579, 23, 158, NULL, NULL, NULL)
INSERT [dbo].[StudentInClass] ([StudentInClassID], [ClassID], [StudentID], [EnrollDate], [IsSupervisor], [Status]) VALUES (580, 23, 159, NULL, NULL, NULL)
INSERT [dbo].[StudentInClass] ([StudentInClassID], [ClassID], [StudentID], [EnrollDate], [IsSupervisor], [Status]) VALUES (581, 23, 160, NULL, NULL, NULL)
INSERT [dbo].[StudentInClass] ([StudentInClassID], [ClassID], [StudentID], [EnrollDate], [IsSupervisor], [Status]) VALUES (582, 23, 161, NULL, NULL, NULL)
INSERT [dbo].[StudentInClass] ([StudentInClassID], [ClassID], [StudentID], [EnrollDate], [IsSupervisor], [Status]) VALUES (583, 24, 162, NULL, NULL, NULL)
INSERT [dbo].[StudentInClass] ([StudentInClassID], [ClassID], [StudentID], [EnrollDate], [IsSupervisor], [Status]) VALUES (584, 24, 163, NULL, NULL, NULL)
INSERT [dbo].[StudentInClass] ([StudentInClassID], [ClassID], [StudentID], [EnrollDate], [IsSupervisor], [Status]) VALUES (585, 24, 164, NULL, NULL, NULL)
INSERT [dbo].[StudentInClass] ([StudentInClassID], [ClassID], [StudentID], [EnrollDate], [IsSupervisor], [Status]) VALUES (586, 24, 165, NULL, NULL, NULL)
INSERT [dbo].[StudentInClass] ([StudentInClassID], [ClassID], [StudentID], [EnrollDate], [IsSupervisor], [Status]) VALUES (587, 24, 166, NULL, NULL, NULL)
INSERT [dbo].[StudentInClass] ([StudentInClassID], [ClassID], [StudentID], [EnrollDate], [IsSupervisor], [Status]) VALUES (588, 24, 167, NULL, NULL, NULL)
INSERT [dbo].[StudentInClass] ([StudentInClassID], [ClassID], [StudentID], [EnrollDate], [IsSupervisor], [Status]) VALUES (589, 24, 168, NULL, NULL, NULL)
INSERT [dbo].[StudentInClass] ([StudentInClassID], [ClassID], [StudentID], [EnrollDate], [IsSupervisor], [Status]) VALUES (590, 25, 169, NULL, NULL, NULL)
INSERT [dbo].[StudentInClass] ([StudentInClassID], [ClassID], [StudentID], [EnrollDate], [IsSupervisor], [Status]) VALUES (591, 25, 170, NULL, NULL, NULL)
INSERT [dbo].[StudentInClass] ([StudentInClassID], [ClassID], [StudentID], [EnrollDate], [IsSupervisor], [Status]) VALUES (592, 25, 171, NULL, NULL, NULL)
INSERT [dbo].[StudentInClass] ([StudentInClassID], [ClassID], [StudentID], [EnrollDate], [IsSupervisor], [Status]) VALUES (593, 25, 172, NULL, NULL, NULL)
INSERT [dbo].[StudentInClass] ([StudentInClassID], [ClassID], [StudentID], [EnrollDate], [IsSupervisor], [Status]) VALUES (594, 25, 173, NULL, NULL, NULL)
INSERT [dbo].[StudentInClass] ([StudentInClassID], [ClassID], [StudentID], [EnrollDate], [IsSupervisor], [Status]) VALUES (595, 25, 174, NULL, NULL, NULL)
INSERT [dbo].[StudentInClass] ([StudentInClassID], [ClassID], [StudentID], [EnrollDate], [IsSupervisor], [Status]) VALUES (596, 25, 175, NULL, NULL, NULL)
INSERT [dbo].[StudentInClass] ([StudentInClassID], [ClassID], [StudentID], [EnrollDate], [IsSupervisor], [Status]) VALUES (597, 26, 176, NULL, NULL, NULL)
INSERT [dbo].[StudentInClass] ([StudentInClassID], [ClassID], [StudentID], [EnrollDate], [IsSupervisor], [Status]) VALUES (598, 26, 177, NULL, NULL, NULL)
INSERT [dbo].[StudentInClass] ([StudentInClassID], [ClassID], [StudentID], [EnrollDate], [IsSupervisor], [Status]) VALUES (599, 26, 178, NULL, NULL, NULL)
GO
INSERT [dbo].[StudentInClass] ([StudentInClassID], [ClassID], [StudentID], [EnrollDate], [IsSupervisor], [Status]) VALUES (600, 26, 179, NULL, NULL, NULL)
INSERT [dbo].[StudentInClass] ([StudentInClassID], [ClassID], [StudentID], [EnrollDate], [IsSupervisor], [Status]) VALUES (601, 26, 180, NULL, NULL, NULL)
INSERT [dbo].[StudentInClass] ([StudentInClassID], [ClassID], [StudentID], [EnrollDate], [IsSupervisor], [Status]) VALUES (602, 26, 181, NULL, NULL, NULL)
INSERT [dbo].[StudentInClass] ([StudentInClassID], [ClassID], [StudentID], [EnrollDate], [IsSupervisor], [Status]) VALUES (603, 26, 182, NULL, NULL, NULL)
INSERT [dbo].[StudentInClass] ([StudentInClassID], [ClassID], [StudentID], [EnrollDate], [IsSupervisor], [Status]) VALUES (604, 27, 183, NULL, NULL, NULL)
INSERT [dbo].[StudentInClass] ([StudentInClassID], [ClassID], [StudentID], [EnrollDate], [IsSupervisor], [Status]) VALUES (605, 27, 184, NULL, NULL, NULL)
INSERT [dbo].[StudentInClass] ([StudentInClassID], [ClassID], [StudentID], [EnrollDate], [IsSupervisor], [Status]) VALUES (606, 27, 185, NULL, NULL, NULL)
INSERT [dbo].[StudentInClass] ([StudentInClassID], [ClassID], [StudentID], [EnrollDate], [IsSupervisor], [Status]) VALUES (607, 27, 186, NULL, NULL, NULL)
INSERT [dbo].[StudentInClass] ([StudentInClassID], [ClassID], [StudentID], [EnrollDate], [IsSupervisor], [Status]) VALUES (608, 27, 187, NULL, NULL, NULL)
INSERT [dbo].[StudentInClass] ([StudentInClassID], [ClassID], [StudentID], [EnrollDate], [IsSupervisor], [Status]) VALUES (609, 27, 188, NULL, NULL, NULL)
INSERT [dbo].[StudentInClass] ([StudentInClassID], [ClassID], [StudentID], [EnrollDate], [IsSupervisor], [Status]) VALUES (610, 27, 189, NULL, NULL, NULL)
INSERT [dbo].[StudentInClass] ([StudentInClassID], [ClassID], [StudentID], [EnrollDate], [IsSupervisor], [Status]) VALUES (611, 28, 190, NULL, NULL, NULL)
INSERT [dbo].[StudentInClass] ([StudentInClassID], [ClassID], [StudentID], [EnrollDate], [IsSupervisor], [Status]) VALUES (612, 28, 191, NULL, NULL, NULL)
INSERT [dbo].[StudentInClass] ([StudentInClassID], [ClassID], [StudentID], [EnrollDate], [IsSupervisor], [Status]) VALUES (613, 28, 192, NULL, NULL, NULL)
INSERT [dbo].[StudentInClass] ([StudentInClassID], [ClassID], [StudentID], [EnrollDate], [IsSupervisor], [Status]) VALUES (614, 28, 193, NULL, NULL, NULL)
INSERT [dbo].[StudentInClass] ([StudentInClassID], [ClassID], [StudentID], [EnrollDate], [IsSupervisor], [Status]) VALUES (615, 28, 194, NULL, NULL, NULL)
INSERT [dbo].[StudentInClass] ([StudentInClassID], [ClassID], [StudentID], [EnrollDate], [IsSupervisor], [Status]) VALUES (616, 28, 195, NULL, NULL, NULL)
INSERT [dbo].[StudentInClass] ([StudentInClassID], [ClassID], [StudentID], [EnrollDate], [IsSupervisor], [Status]) VALUES (617, 28, 196, NULL, NULL, NULL)
INSERT [dbo].[StudentInClass] ([StudentInClassID], [ClassID], [StudentID], [EnrollDate], [IsSupervisor], [Status]) VALUES (618, 29, 197, NULL, NULL, NULL)
INSERT [dbo].[StudentInClass] ([StudentInClassID], [ClassID], [StudentID], [EnrollDate], [IsSupervisor], [Status]) VALUES (619, 29, 198, NULL, NULL, NULL)
INSERT [dbo].[StudentInClass] ([StudentInClassID], [ClassID], [StudentID], [EnrollDate], [IsSupervisor], [Status]) VALUES (620, 29, 199, NULL, NULL, NULL)
INSERT [dbo].[StudentInClass] ([StudentInClassID], [ClassID], [StudentID], [EnrollDate], [IsSupervisor], [Status]) VALUES (621, 29, 200, NULL, NULL, NULL)
INSERT [dbo].[StudentInClass] ([StudentInClassID], [ClassID], [StudentID], [EnrollDate], [IsSupervisor], [Status]) VALUES (622, 29, 201, NULL, NULL, NULL)
INSERT [dbo].[StudentInClass] ([StudentInClassID], [ClassID], [StudentID], [EnrollDate], [IsSupervisor], [Status]) VALUES (623, 29, 202, NULL, NULL, NULL)
INSERT [dbo].[StudentInClass] ([StudentInClassID], [ClassID], [StudentID], [EnrollDate], [IsSupervisor], [Status]) VALUES (624, 29, 203, NULL, NULL, NULL)
INSERT [dbo].[StudentInClass] ([StudentInClassID], [ClassID], [StudentID], [EnrollDate], [IsSupervisor], [Status]) VALUES (625, 30, 204, NULL, NULL, NULL)
INSERT [dbo].[StudentInClass] ([StudentInClassID], [ClassID], [StudentID], [EnrollDate], [IsSupervisor], [Status]) VALUES (626, 30, 205, NULL, NULL, NULL)
INSERT [dbo].[StudentInClass] ([StudentInClassID], [ClassID], [StudentID], [EnrollDate], [IsSupervisor], [Status]) VALUES (627, 30, 206, NULL, NULL, NULL)
INSERT [dbo].[StudentInClass] ([StudentInClassID], [ClassID], [StudentID], [EnrollDate], [IsSupervisor], [Status]) VALUES (628, 30, 207, NULL, NULL, NULL)
INSERT [dbo].[StudentInClass] ([StudentInClassID], [ClassID], [StudentID], [EnrollDate], [IsSupervisor], [Status]) VALUES (629, 30, 208, NULL, NULL, NULL)
INSERT [dbo].[StudentInClass] ([StudentInClassID], [ClassID], [StudentID], [EnrollDate], [IsSupervisor], [Status]) VALUES (630, 30, 209, NULL, NULL, NULL)
INSERT [dbo].[StudentInClass] ([StudentInClassID], [ClassID], [StudentID], [EnrollDate], [IsSupervisor], [Status]) VALUES (631, 30, 210, NULL, NULL, NULL)
INSERT [dbo].[StudentInClass] ([StudentInClassID], [ClassID], [StudentID], [EnrollDate], [IsSupervisor], [Status]) VALUES (632, 31, 211, NULL, NULL, NULL)
INSERT [dbo].[StudentInClass] ([StudentInClassID], [ClassID], [StudentID], [EnrollDate], [IsSupervisor], [Status]) VALUES (633, 31, 212, NULL, NULL, NULL)
INSERT [dbo].[StudentInClass] ([StudentInClassID], [ClassID], [StudentID], [EnrollDate], [IsSupervisor], [Status]) VALUES (634, 31, 213, NULL, NULL, NULL)
INSERT [dbo].[StudentInClass] ([StudentInClassID], [ClassID], [StudentID], [EnrollDate], [IsSupervisor], [Status]) VALUES (635, 31, 214, NULL, NULL, NULL)
INSERT [dbo].[StudentInClass] ([StudentInClassID], [ClassID], [StudentID], [EnrollDate], [IsSupervisor], [Status]) VALUES (636, 31, 215, NULL, NULL, NULL)
INSERT [dbo].[StudentInClass] ([StudentInClassID], [ClassID], [StudentID], [EnrollDate], [IsSupervisor], [Status]) VALUES (637, 31, 216, NULL, NULL, NULL)
INSERT [dbo].[StudentInClass] ([StudentInClassID], [ClassID], [StudentID], [EnrollDate], [IsSupervisor], [Status]) VALUES (638, 31, 217, NULL, NULL, NULL)
INSERT [dbo].[StudentInClass] ([StudentInClassID], [ClassID], [StudentID], [EnrollDate], [IsSupervisor], [Status]) VALUES (639, 32, 218, NULL, NULL, NULL)
INSERT [dbo].[StudentInClass] ([StudentInClassID], [ClassID], [StudentID], [EnrollDate], [IsSupervisor], [Status]) VALUES (640, 32, 219, NULL, NULL, NULL)
INSERT [dbo].[StudentInClass] ([StudentInClassID], [ClassID], [StudentID], [EnrollDate], [IsSupervisor], [Status]) VALUES (641, 32, 220, NULL, NULL, NULL)
INSERT [dbo].[StudentInClass] ([StudentInClassID], [ClassID], [StudentID], [EnrollDate], [IsSupervisor], [Status]) VALUES (642, 32, 221, NULL, NULL, NULL)
INSERT [dbo].[StudentInClass] ([StudentInClassID], [ClassID], [StudentID], [EnrollDate], [IsSupervisor], [Status]) VALUES (643, 32, 222, NULL, NULL, NULL)
INSERT [dbo].[StudentInClass] ([StudentInClassID], [ClassID], [StudentID], [EnrollDate], [IsSupervisor], [Status]) VALUES (644, 32, 223, NULL, NULL, NULL)
INSERT [dbo].[StudentInClass] ([StudentInClassID], [ClassID], [StudentID], [EnrollDate], [IsSupervisor], [Status]) VALUES (645, 32, 224, NULL, NULL, NULL)
INSERT [dbo].[StudentInClass] ([StudentInClassID], [ClassID], [StudentID], [EnrollDate], [IsSupervisor], [Status]) VALUES (646, 33, 225, NULL, NULL, NULL)
INSERT [dbo].[StudentInClass] ([StudentInClassID], [ClassID], [StudentID], [EnrollDate], [IsSupervisor], [Status]) VALUES (647, 33, 226, NULL, NULL, NULL)
INSERT [dbo].[StudentInClass] ([StudentInClassID], [ClassID], [StudentID], [EnrollDate], [IsSupervisor], [Status]) VALUES (648, 33, 227, NULL, NULL, NULL)
INSERT [dbo].[StudentInClass] ([StudentInClassID], [ClassID], [StudentID], [EnrollDate], [IsSupervisor], [Status]) VALUES (649, 33, 228, NULL, NULL, NULL)
INSERT [dbo].[StudentInClass] ([StudentInClassID], [ClassID], [StudentID], [EnrollDate], [IsSupervisor], [Status]) VALUES (650, 33, 229, NULL, NULL, NULL)
INSERT [dbo].[StudentInClass] ([StudentInClassID], [ClassID], [StudentID], [EnrollDate], [IsSupervisor], [Status]) VALUES (651, 33, 230, NULL, NULL, NULL)
INSERT [dbo].[StudentInClass] ([StudentInClassID], [ClassID], [StudentID], [EnrollDate], [IsSupervisor], [Status]) VALUES (652, 33, 231, NULL, NULL, NULL)
INSERT [dbo].[StudentInClass] ([StudentInClassID], [ClassID], [StudentID], [EnrollDate], [IsSupervisor], [Status]) VALUES (653, 34, 232, NULL, NULL, NULL)
INSERT [dbo].[StudentInClass] ([StudentInClassID], [ClassID], [StudentID], [EnrollDate], [IsSupervisor], [Status]) VALUES (654, 34, 233, NULL, NULL, NULL)
INSERT [dbo].[StudentInClass] ([StudentInClassID], [ClassID], [StudentID], [EnrollDate], [IsSupervisor], [Status]) VALUES (655, 34, 234, NULL, NULL, NULL)
INSERT [dbo].[StudentInClass] ([StudentInClassID], [ClassID], [StudentID], [EnrollDate], [IsSupervisor], [Status]) VALUES (656, 34, 235, NULL, NULL, NULL)
INSERT [dbo].[StudentInClass] ([StudentInClassID], [ClassID], [StudentID], [EnrollDate], [IsSupervisor], [Status]) VALUES (657, 34, 236, NULL, NULL, NULL)
INSERT [dbo].[StudentInClass] ([StudentInClassID], [ClassID], [StudentID], [EnrollDate], [IsSupervisor], [Status]) VALUES (658, 34, 237, NULL, NULL, NULL)
INSERT [dbo].[StudentInClass] ([StudentInClassID], [ClassID], [StudentID], [EnrollDate], [IsSupervisor], [Status]) VALUES (659, 34, 238, NULL, NULL, NULL)
INSERT [dbo].[StudentInClass] ([StudentInClassID], [ClassID], [StudentID], [EnrollDate], [IsSupervisor], [Status]) VALUES (660, 35, 239, NULL, NULL, NULL)
INSERT [dbo].[StudentInClass] ([StudentInClassID], [ClassID], [StudentID], [EnrollDate], [IsSupervisor], [Status]) VALUES (661, 35, 240, NULL, NULL, NULL)
INSERT [dbo].[StudentInClass] ([StudentInClassID], [ClassID], [StudentID], [EnrollDate], [IsSupervisor], [Status]) VALUES (662, 35, 241, NULL, NULL, NULL)
INSERT [dbo].[StudentInClass] ([StudentInClassID], [ClassID], [StudentID], [EnrollDate], [IsSupervisor], [Status]) VALUES (663, 35, 242, NULL, NULL, NULL)
INSERT [dbo].[StudentInClass] ([StudentInClassID], [ClassID], [StudentID], [EnrollDate], [IsSupervisor], [Status]) VALUES (664, 35, 243, NULL, NULL, NULL)
INSERT [dbo].[StudentInClass] ([StudentInClassID], [ClassID], [StudentID], [EnrollDate], [IsSupervisor], [Status]) VALUES (665, 35, 244, NULL, NULL, NULL)
INSERT [dbo].[StudentInClass] ([StudentInClassID], [ClassID], [StudentID], [EnrollDate], [IsSupervisor], [Status]) VALUES (666, 35, 245, NULL, NULL, NULL)
INSERT [dbo].[StudentInClass] ([StudentInClassID], [ClassID], [StudentID], [EnrollDate], [IsSupervisor], [Status]) VALUES (667, 36, 246, NULL, NULL, NULL)
INSERT [dbo].[StudentInClass] ([StudentInClassID], [ClassID], [StudentID], [EnrollDate], [IsSupervisor], [Status]) VALUES (668, 36, 247, NULL, NULL, NULL)
INSERT [dbo].[StudentInClass] ([StudentInClassID], [ClassID], [StudentID], [EnrollDate], [IsSupervisor], [Status]) VALUES (669, 36, 248, NULL, NULL, NULL)
INSERT [dbo].[StudentInClass] ([StudentInClassID], [ClassID], [StudentID], [EnrollDate], [IsSupervisor], [Status]) VALUES (670, 36, 249, NULL, NULL, NULL)
INSERT [dbo].[StudentInClass] ([StudentInClassID], [ClassID], [StudentID], [EnrollDate], [IsSupervisor], [Status]) VALUES (671, 36, 250, NULL, NULL, NULL)
INSERT [dbo].[StudentInClass] ([StudentInClassID], [ClassID], [StudentID], [EnrollDate], [IsSupervisor], [Status]) VALUES (672, 36, 251, NULL, NULL, NULL)
INSERT [dbo].[StudentInClass] ([StudentInClassID], [ClassID], [StudentID], [EnrollDate], [IsSupervisor], [Status]) VALUES (673, 36, 252, NULL, NULL, NULL)
INSERT [dbo].[StudentInClass] ([StudentInClassID], [ClassID], [StudentID], [EnrollDate], [IsSupervisor], [Status]) VALUES (674, 37, 253, NULL, NULL, NULL)
INSERT [dbo].[StudentInClass] ([StudentInClassID], [ClassID], [StudentID], [EnrollDate], [IsSupervisor], [Status]) VALUES (675, 37, 254, NULL, NULL, NULL)
INSERT [dbo].[StudentInClass] ([StudentInClassID], [ClassID], [StudentID], [EnrollDate], [IsSupervisor], [Status]) VALUES (676, 37, 255, NULL, NULL, NULL)
INSERT [dbo].[StudentInClass] ([StudentInClassID], [ClassID], [StudentID], [EnrollDate], [IsSupervisor], [Status]) VALUES (677, 37, 256, NULL, NULL, NULL)
INSERT [dbo].[StudentInClass] ([StudentInClassID], [ClassID], [StudentID], [EnrollDate], [IsSupervisor], [Status]) VALUES (678, 37, 257, NULL, NULL, NULL)
INSERT [dbo].[StudentInClass] ([StudentInClassID], [ClassID], [StudentID], [EnrollDate], [IsSupervisor], [Status]) VALUES (679, 37, 258, NULL, NULL, NULL)
INSERT [dbo].[StudentInClass] ([StudentInClassID], [ClassID], [StudentID], [EnrollDate], [IsSupervisor], [Status]) VALUES (680, 37, 259, NULL, NULL, NULL)
INSERT [dbo].[StudentInClass] ([StudentInClassID], [ClassID], [StudentID], [EnrollDate], [IsSupervisor], [Status]) VALUES (681, 38, 260, NULL, NULL, NULL)
INSERT [dbo].[StudentInClass] ([StudentInClassID], [ClassID], [StudentID], [EnrollDate], [IsSupervisor], [Status]) VALUES (682, 38, 261, NULL, NULL, NULL)
INSERT [dbo].[StudentInClass] ([StudentInClassID], [ClassID], [StudentID], [EnrollDate], [IsSupervisor], [Status]) VALUES (683, 38, 262, NULL, NULL, NULL)
INSERT [dbo].[StudentInClass] ([StudentInClassID], [ClassID], [StudentID], [EnrollDate], [IsSupervisor], [Status]) VALUES (684, 38, 263, NULL, NULL, NULL)
INSERT [dbo].[StudentInClass] ([StudentInClassID], [ClassID], [StudentID], [EnrollDate], [IsSupervisor], [Status]) VALUES (685, 38, 264, NULL, NULL, NULL)
INSERT [dbo].[StudentInClass] ([StudentInClassID], [ClassID], [StudentID], [EnrollDate], [IsSupervisor], [Status]) VALUES (686, 38, 265, NULL, NULL, NULL)
INSERT [dbo].[StudentInClass] ([StudentInClassID], [ClassID], [StudentID], [EnrollDate], [IsSupervisor], [Status]) VALUES (687, 38, 266, NULL, NULL, NULL)
INSERT [dbo].[StudentInClass] ([StudentInClassID], [ClassID], [StudentID], [EnrollDate], [IsSupervisor], [Status]) VALUES (688, 39, 267, NULL, NULL, NULL)
INSERT [dbo].[StudentInClass] ([StudentInClassID], [ClassID], [StudentID], [EnrollDate], [IsSupervisor], [Status]) VALUES (689, 39, 268, NULL, NULL, NULL)
INSERT [dbo].[StudentInClass] ([StudentInClassID], [ClassID], [StudentID], [EnrollDate], [IsSupervisor], [Status]) VALUES (690, 39, 269, NULL, NULL, NULL)
INSERT [dbo].[StudentInClass] ([StudentInClassID], [ClassID], [StudentID], [EnrollDate], [IsSupervisor], [Status]) VALUES (691, 39, 270, NULL, NULL, NULL)
INSERT [dbo].[StudentInClass] ([StudentInClassID], [ClassID], [StudentID], [EnrollDate], [IsSupervisor], [Status]) VALUES (692, 39, 271, NULL, NULL, NULL)
INSERT [dbo].[StudentInClass] ([StudentInClassID], [ClassID], [StudentID], [EnrollDate], [IsSupervisor], [Status]) VALUES (693, 39, 272, NULL, NULL, NULL)
INSERT [dbo].[StudentInClass] ([StudentInClassID], [ClassID], [StudentID], [EnrollDate], [IsSupervisor], [Status]) VALUES (694, 39, 273, NULL, NULL, NULL)
INSERT [dbo].[StudentInClass] ([StudentInClassID], [ClassID], [StudentID], [EnrollDate], [IsSupervisor], [Status]) VALUES (695, 40, 274, NULL, NULL, NULL)
INSERT [dbo].[StudentInClass] ([StudentInClassID], [ClassID], [StudentID], [EnrollDate], [IsSupervisor], [Status]) VALUES (696, 40, 275, NULL, NULL, NULL)
INSERT [dbo].[StudentInClass] ([StudentInClassID], [ClassID], [StudentID], [EnrollDate], [IsSupervisor], [Status]) VALUES (697, 40, 276, NULL, NULL, NULL)
INSERT [dbo].[StudentInClass] ([StudentInClassID], [ClassID], [StudentID], [EnrollDate], [IsSupervisor], [Status]) VALUES (698, 40, 277, NULL, NULL, NULL)
INSERT [dbo].[StudentInClass] ([StudentInClassID], [ClassID], [StudentID], [EnrollDate], [IsSupervisor], [Status]) VALUES (699, 40, 278, NULL, NULL, NULL)
GO
INSERT [dbo].[StudentInClass] ([StudentInClassID], [ClassID], [StudentID], [EnrollDate], [IsSupervisor], [Status]) VALUES (700, 40, 279, NULL, NULL, NULL)
INSERT [dbo].[StudentInClass] ([StudentInClassID], [ClassID], [StudentID], [EnrollDate], [IsSupervisor], [Status]) VALUES (701, 40, 280, NULL, NULL, NULL)
INSERT [dbo].[StudentInClass] ([StudentInClassID], [ClassID], [StudentID], [EnrollDate], [IsSupervisor], [Status]) VALUES (702, 41, 281, NULL, NULL, NULL)
INSERT [dbo].[StudentInClass] ([StudentInClassID], [ClassID], [StudentID], [EnrollDate], [IsSupervisor], [Status]) VALUES (703, 41, 282, NULL, NULL, NULL)
INSERT [dbo].[StudentInClass] ([StudentInClassID], [ClassID], [StudentID], [EnrollDate], [IsSupervisor], [Status]) VALUES (704, 41, 283, NULL, NULL, NULL)
INSERT [dbo].[StudentInClass] ([StudentInClassID], [ClassID], [StudentID], [EnrollDate], [IsSupervisor], [Status]) VALUES (705, 41, 284, NULL, NULL, NULL)
INSERT [dbo].[StudentInClass] ([StudentInClassID], [ClassID], [StudentID], [EnrollDate], [IsSupervisor], [Status]) VALUES (706, 41, 285, NULL, NULL, NULL)
INSERT [dbo].[StudentInClass] ([StudentInClassID], [ClassID], [StudentID], [EnrollDate], [IsSupervisor], [Status]) VALUES (707, 41, 286, NULL, NULL, NULL)
INSERT [dbo].[StudentInClass] ([StudentInClassID], [ClassID], [StudentID], [EnrollDate], [IsSupervisor], [Status]) VALUES (708, 41, 287, NULL, NULL, NULL)
INSERT [dbo].[StudentInClass] ([StudentInClassID], [ClassID], [StudentID], [EnrollDate], [IsSupervisor], [Status]) VALUES (709, 42, 288, NULL, NULL, NULL)
INSERT [dbo].[StudentInClass] ([StudentInClassID], [ClassID], [StudentID], [EnrollDate], [IsSupervisor], [Status]) VALUES (710, 42, 289, NULL, NULL, NULL)
INSERT [dbo].[StudentInClass] ([StudentInClassID], [ClassID], [StudentID], [EnrollDate], [IsSupervisor], [Status]) VALUES (711, 42, 290, NULL, NULL, NULL)
INSERT [dbo].[StudentInClass] ([StudentInClassID], [ClassID], [StudentID], [EnrollDate], [IsSupervisor], [Status]) VALUES (712, 42, 291, NULL, NULL, NULL)
INSERT [dbo].[StudentInClass] ([StudentInClassID], [ClassID], [StudentID], [EnrollDate], [IsSupervisor], [Status]) VALUES (713, 42, 292, NULL, NULL, NULL)
INSERT [dbo].[StudentInClass] ([StudentInClassID], [ClassID], [StudentID], [EnrollDate], [IsSupervisor], [Status]) VALUES (714, 42, 293, NULL, NULL, NULL)
INSERT [dbo].[StudentInClass] ([StudentInClassID], [ClassID], [StudentID], [EnrollDate], [IsSupervisor], [Status]) VALUES (715, 42, 294, NULL, NULL, NULL)
INSERT [dbo].[StudentInClass] ([StudentInClassID], [ClassID], [StudentID], [EnrollDate], [IsSupervisor], [Status]) VALUES (716, 43, 295, NULL, NULL, NULL)
INSERT [dbo].[StudentInClass] ([StudentInClassID], [ClassID], [StudentID], [EnrollDate], [IsSupervisor], [Status]) VALUES (717, 43, 296, NULL, NULL, NULL)
INSERT [dbo].[StudentInClass] ([StudentInClassID], [ClassID], [StudentID], [EnrollDate], [IsSupervisor], [Status]) VALUES (718, 43, 297, NULL, NULL, NULL)
INSERT [dbo].[StudentInClass] ([StudentInClassID], [ClassID], [StudentID], [EnrollDate], [IsSupervisor], [Status]) VALUES (719, 43, 298, NULL, NULL, NULL)
INSERT [dbo].[StudentInClass] ([StudentInClassID], [ClassID], [StudentID], [EnrollDate], [IsSupervisor], [Status]) VALUES (720, 43, 299, NULL, NULL, NULL)
INSERT [dbo].[StudentInClass] ([StudentInClassID], [ClassID], [StudentID], [EnrollDate], [IsSupervisor], [Status]) VALUES (721, 43, 300, NULL, NULL, NULL)
INSERT [dbo].[StudentInClass] ([StudentInClassID], [ClassID], [StudentID], [EnrollDate], [IsSupervisor], [Status]) VALUES (722, 43, 301, NULL, NULL, NULL)
INSERT [dbo].[StudentInClass] ([StudentInClassID], [ClassID], [StudentID], [EnrollDate], [IsSupervisor], [Status]) VALUES (723, 44, 302, NULL, NULL, NULL)
INSERT [dbo].[StudentInClass] ([StudentInClassID], [ClassID], [StudentID], [EnrollDate], [IsSupervisor], [Status]) VALUES (724, 44, 303, NULL, NULL, NULL)
INSERT [dbo].[StudentInClass] ([StudentInClassID], [ClassID], [StudentID], [EnrollDate], [IsSupervisor], [Status]) VALUES (725, 44, 304, NULL, NULL, NULL)
INSERT [dbo].[StudentInClass] ([StudentInClassID], [ClassID], [StudentID], [EnrollDate], [IsSupervisor], [Status]) VALUES (726, 44, 305, NULL, NULL, NULL)
INSERT [dbo].[StudentInClass] ([StudentInClassID], [ClassID], [StudentID], [EnrollDate], [IsSupervisor], [Status]) VALUES (727, 44, 306, NULL, NULL, NULL)
INSERT [dbo].[StudentInClass] ([StudentInClassID], [ClassID], [StudentID], [EnrollDate], [IsSupervisor], [Status]) VALUES (728, 44, 307, NULL, NULL, NULL)
INSERT [dbo].[StudentInClass] ([StudentInClassID], [ClassID], [StudentID], [EnrollDate], [IsSupervisor], [Status]) VALUES (729, 44, 308, NULL, NULL, NULL)
INSERT [dbo].[StudentInClass] ([StudentInClassID], [ClassID], [StudentID], [EnrollDate], [IsSupervisor], [Status]) VALUES (730, 45, 309, NULL, NULL, NULL)
INSERT [dbo].[StudentInClass] ([StudentInClassID], [ClassID], [StudentID], [EnrollDate], [IsSupervisor], [Status]) VALUES (731, 45, 310, NULL, NULL, NULL)
INSERT [dbo].[StudentInClass] ([StudentInClassID], [ClassID], [StudentID], [EnrollDate], [IsSupervisor], [Status]) VALUES (732, 45, 311, NULL, NULL, NULL)
INSERT [dbo].[StudentInClass] ([StudentInClassID], [ClassID], [StudentID], [EnrollDate], [IsSupervisor], [Status]) VALUES (733, 45, 312, NULL, NULL, NULL)
INSERT [dbo].[StudentInClass] ([StudentInClassID], [ClassID], [StudentID], [EnrollDate], [IsSupervisor], [Status]) VALUES (734, 45, 313, NULL, NULL, NULL)
INSERT [dbo].[StudentInClass] ([StudentInClassID], [ClassID], [StudentID], [EnrollDate], [IsSupervisor], [Status]) VALUES (735, 45, 314, NULL, NULL, NULL)
INSERT [dbo].[StudentInClass] ([StudentInClassID], [ClassID], [StudentID], [EnrollDate], [IsSupervisor], [Status]) VALUES (736, 45, 315, NULL, NULL, NULL)
INSERT [dbo].[StudentInClass] ([StudentInClassID], [ClassID], [StudentID], [EnrollDate], [IsSupervisor], [Status]) VALUES (737, 46, 316, NULL, NULL, NULL)
INSERT [dbo].[StudentInClass] ([StudentInClassID], [ClassID], [StudentID], [EnrollDate], [IsSupervisor], [Status]) VALUES (738, 46, 317, NULL, NULL, NULL)
INSERT [dbo].[StudentInClass] ([StudentInClassID], [ClassID], [StudentID], [EnrollDate], [IsSupervisor], [Status]) VALUES (739, 46, 318, NULL, NULL, NULL)
INSERT [dbo].[StudentInClass] ([StudentInClassID], [ClassID], [StudentID], [EnrollDate], [IsSupervisor], [Status]) VALUES (740, 46, 319, NULL, NULL, NULL)
INSERT [dbo].[StudentInClass] ([StudentInClassID], [ClassID], [StudentID], [EnrollDate], [IsSupervisor], [Status]) VALUES (741, 46, 320, NULL, NULL, NULL)
INSERT [dbo].[StudentInClass] ([StudentInClassID], [ClassID], [StudentID], [EnrollDate], [IsSupervisor], [Status]) VALUES (742, 46, 321, NULL, NULL, NULL)
INSERT [dbo].[StudentInClass] ([StudentInClassID], [ClassID], [StudentID], [EnrollDate], [IsSupervisor], [Status]) VALUES (743, 46, 322, NULL, NULL, NULL)
INSERT [dbo].[StudentInClass] ([StudentInClassID], [ClassID], [StudentID], [EnrollDate], [IsSupervisor], [Status]) VALUES (744, 47, 323, NULL, NULL, NULL)
INSERT [dbo].[StudentInClass] ([StudentInClassID], [ClassID], [StudentID], [EnrollDate], [IsSupervisor], [Status]) VALUES (745, 47, 324, NULL, NULL, NULL)
INSERT [dbo].[StudentInClass] ([StudentInClassID], [ClassID], [StudentID], [EnrollDate], [IsSupervisor], [Status]) VALUES (746, 47, 325, NULL, NULL, NULL)
INSERT [dbo].[StudentInClass] ([StudentInClassID], [ClassID], [StudentID], [EnrollDate], [IsSupervisor], [Status]) VALUES (747, 47, 326, NULL, NULL, NULL)
INSERT [dbo].[StudentInClass] ([StudentInClassID], [ClassID], [StudentID], [EnrollDate], [IsSupervisor], [Status]) VALUES (748, 47, 327, NULL, NULL, NULL)
INSERT [dbo].[StudentInClass] ([StudentInClassID], [ClassID], [StudentID], [EnrollDate], [IsSupervisor], [Status]) VALUES (749, 47, 328, NULL, NULL, NULL)
INSERT [dbo].[StudentInClass] ([StudentInClassID], [ClassID], [StudentID], [EnrollDate], [IsSupervisor], [Status]) VALUES (750, 47, 329, NULL, NULL, NULL)
INSERT [dbo].[StudentInClass] ([StudentInClassID], [ClassID], [StudentID], [EnrollDate], [IsSupervisor], [Status]) VALUES (751, 48, 330, NULL, NULL, NULL)
INSERT [dbo].[StudentInClass] ([StudentInClassID], [ClassID], [StudentID], [EnrollDate], [IsSupervisor], [Status]) VALUES (752, 48, 331, NULL, NULL, NULL)
INSERT [dbo].[StudentInClass] ([StudentInClassID], [ClassID], [StudentID], [EnrollDate], [IsSupervisor], [Status]) VALUES (753, 48, 332, NULL, NULL, NULL)
INSERT [dbo].[StudentInClass] ([StudentInClassID], [ClassID], [StudentID], [EnrollDate], [IsSupervisor], [Status]) VALUES (754, 48, 333, NULL, NULL, NULL)
INSERT [dbo].[StudentInClass] ([StudentInClassID], [ClassID], [StudentID], [EnrollDate], [IsSupervisor], [Status]) VALUES (755, 48, 334, NULL, NULL, NULL)
INSERT [dbo].[StudentInClass] ([StudentInClassID], [ClassID], [StudentID], [EnrollDate], [IsSupervisor], [Status]) VALUES (756, 48, 335, NULL, NULL, NULL)
INSERT [dbo].[StudentInClass] ([StudentInClassID], [ClassID], [StudentID], [EnrollDate], [IsSupervisor], [Status]) VALUES (757, 48, 336, NULL, NULL, NULL)
INSERT [dbo].[StudentInClass] ([StudentInClassID], [ClassID], [StudentID], [EnrollDate], [IsSupervisor], [Status]) VALUES (758, 49, 337, NULL, NULL, NULL)
INSERT [dbo].[StudentInClass] ([StudentInClassID], [ClassID], [StudentID], [EnrollDate], [IsSupervisor], [Status]) VALUES (759, 49, 338, NULL, NULL, NULL)
INSERT [dbo].[StudentInClass] ([StudentInClassID], [ClassID], [StudentID], [EnrollDate], [IsSupervisor], [Status]) VALUES (760, 49, 339, NULL, NULL, NULL)
INSERT [dbo].[StudentInClass] ([StudentInClassID], [ClassID], [StudentID], [EnrollDate], [IsSupervisor], [Status]) VALUES (761, 49, 340, NULL, NULL, NULL)
INSERT [dbo].[StudentInClass] ([StudentInClassID], [ClassID], [StudentID], [EnrollDate], [IsSupervisor], [Status]) VALUES (762, 49, 341, NULL, NULL, NULL)
INSERT [dbo].[StudentInClass] ([StudentInClassID], [ClassID], [StudentID], [EnrollDate], [IsSupervisor], [Status]) VALUES (763, 49, 342, NULL, NULL, NULL)
INSERT [dbo].[StudentInClass] ([StudentInClassID], [ClassID], [StudentID], [EnrollDate], [IsSupervisor], [Status]) VALUES (764, 49, 343, NULL, NULL, NULL)
INSERT [dbo].[StudentInClass] ([StudentInClassID], [ClassID], [StudentID], [EnrollDate], [IsSupervisor], [Status]) VALUES (765, 50, 344, NULL, NULL, NULL)
INSERT [dbo].[StudentInClass] ([StudentInClassID], [ClassID], [StudentID], [EnrollDate], [IsSupervisor], [Status]) VALUES (766, 50, 345, NULL, NULL, NULL)
INSERT [dbo].[StudentInClass] ([StudentInClassID], [ClassID], [StudentID], [EnrollDate], [IsSupervisor], [Status]) VALUES (767, 50, 346, NULL, NULL, NULL)
INSERT [dbo].[StudentInClass] ([StudentInClassID], [ClassID], [StudentID], [EnrollDate], [IsSupervisor], [Status]) VALUES (768, 50, 347, NULL, NULL, NULL)
INSERT [dbo].[StudentInClass] ([StudentInClassID], [ClassID], [StudentID], [EnrollDate], [IsSupervisor], [Status]) VALUES (769, 50, 348, NULL, NULL, NULL)
INSERT [dbo].[StudentInClass] ([StudentInClassID], [ClassID], [StudentID], [EnrollDate], [IsSupervisor], [Status]) VALUES (770, 50, 349, NULL, NULL, NULL)
INSERT [dbo].[StudentInClass] ([StudentInClassID], [ClassID], [StudentID], [EnrollDate], [IsSupervisor], [Status]) VALUES (771, 50, 350, NULL, NULL, NULL)
INSERT [dbo].[StudentInClass] ([StudentInClassID], [ClassID], [StudentID], [EnrollDate], [IsSupervisor], [Status]) VALUES (772, 51, 351, NULL, NULL, NULL)
INSERT [dbo].[StudentInClass] ([StudentInClassID], [ClassID], [StudentID], [EnrollDate], [IsSupervisor], [Status]) VALUES (773, 51, 352, NULL, NULL, NULL)
INSERT [dbo].[StudentInClass] ([StudentInClassID], [ClassID], [StudentID], [EnrollDate], [IsSupervisor], [Status]) VALUES (774, 51, 353, NULL, NULL, NULL)
INSERT [dbo].[StudentInClass] ([StudentInClassID], [ClassID], [StudentID], [EnrollDate], [IsSupervisor], [Status]) VALUES (775, 51, 354, NULL, NULL, NULL)
INSERT [dbo].[StudentInClass] ([StudentInClassID], [ClassID], [StudentID], [EnrollDate], [IsSupervisor], [Status]) VALUES (776, 51, 355, NULL, NULL, NULL)
INSERT [dbo].[StudentInClass] ([StudentInClassID], [ClassID], [StudentID], [EnrollDate], [IsSupervisor], [Status]) VALUES (777, 51, 356, NULL, NULL, NULL)
INSERT [dbo].[StudentInClass] ([StudentInClassID], [ClassID], [StudentID], [EnrollDate], [IsSupervisor], [Status]) VALUES (778, 52, 357, NULL, NULL, NULL)
INSERT [dbo].[StudentInClass] ([StudentInClassID], [ClassID], [StudentID], [EnrollDate], [IsSupervisor], [Status]) VALUES (779, 52, 358, NULL, NULL, NULL)
INSERT [dbo].[StudentInClass] ([StudentInClassID], [ClassID], [StudentID], [EnrollDate], [IsSupervisor], [Status]) VALUES (780, 52, 359, NULL, NULL, NULL)
INSERT [dbo].[StudentInClass] ([StudentInClassID], [ClassID], [StudentID], [EnrollDate], [IsSupervisor], [Status]) VALUES (781, 52, 360, NULL, NULL, NULL)
INSERT [dbo].[StudentInClass] ([StudentInClassID], [ClassID], [StudentID], [EnrollDate], [IsSupervisor], [Status]) VALUES (782, 52, 361, NULL, NULL, NULL)
INSERT [dbo].[StudentInClass] ([StudentInClassID], [ClassID], [StudentID], [EnrollDate], [IsSupervisor], [Status]) VALUES (783, 52, 362, NULL, NULL, NULL)
INSERT [dbo].[StudentInClass] ([StudentInClassID], [ClassID], [StudentID], [EnrollDate], [IsSupervisor], [Status]) VALUES (784, 53, 363, NULL, NULL, NULL)
INSERT [dbo].[StudentInClass] ([StudentInClassID], [ClassID], [StudentID], [EnrollDate], [IsSupervisor], [Status]) VALUES (785, 53, 364, NULL, NULL, NULL)
INSERT [dbo].[StudentInClass] ([StudentInClassID], [ClassID], [StudentID], [EnrollDate], [IsSupervisor], [Status]) VALUES (786, 53, 365, NULL, NULL, NULL)
INSERT [dbo].[StudentInClass] ([StudentInClassID], [ClassID], [StudentID], [EnrollDate], [IsSupervisor], [Status]) VALUES (787, 53, 366, NULL, NULL, NULL)
INSERT [dbo].[StudentInClass] ([StudentInClassID], [ClassID], [StudentID], [EnrollDate], [IsSupervisor], [Status]) VALUES (788, 53, 367, NULL, NULL, NULL)
INSERT [dbo].[StudentInClass] ([StudentInClassID], [ClassID], [StudentID], [EnrollDate], [IsSupervisor], [Status]) VALUES (789, 53, 368, NULL, NULL, NULL)
INSERT [dbo].[StudentInClass] ([StudentInClassID], [ClassID], [StudentID], [EnrollDate], [IsSupervisor], [Status]) VALUES (790, 54, 369, NULL, NULL, NULL)
INSERT [dbo].[StudentInClass] ([StudentInClassID], [ClassID], [StudentID], [EnrollDate], [IsSupervisor], [Status]) VALUES (791, 54, 370, NULL, NULL, NULL)
INSERT [dbo].[StudentInClass] ([StudentInClassID], [ClassID], [StudentID], [EnrollDate], [IsSupervisor], [Status]) VALUES (792, 54, 371, NULL, NULL, NULL)
INSERT [dbo].[StudentInClass] ([StudentInClassID], [ClassID], [StudentID], [EnrollDate], [IsSupervisor], [Status]) VALUES (793, 54, 372, NULL, NULL, NULL)
INSERT [dbo].[StudentInClass] ([StudentInClassID], [ClassID], [StudentID], [EnrollDate], [IsSupervisor], [Status]) VALUES (794, 54, 373, NULL, NULL, NULL)
INSERT [dbo].[StudentInClass] ([StudentInClassID], [ClassID], [StudentID], [EnrollDate], [IsSupervisor], [Status]) VALUES (795, 54, 374, NULL, NULL, NULL)
INSERT [dbo].[StudentInClass] ([StudentInClassID], [ClassID], [StudentID], [EnrollDate], [IsSupervisor], [Status]) VALUES (796, 55, 375, NULL, NULL, NULL)
INSERT [dbo].[StudentInClass] ([StudentInClassID], [ClassID], [StudentID], [EnrollDate], [IsSupervisor], [Status]) VALUES (797, 55, 376, NULL, NULL, NULL)
INSERT [dbo].[StudentInClass] ([StudentInClassID], [ClassID], [StudentID], [EnrollDate], [IsSupervisor], [Status]) VALUES (798, 55, 377, NULL, NULL, NULL)
INSERT [dbo].[StudentInClass] ([StudentInClassID], [ClassID], [StudentID], [EnrollDate], [IsSupervisor], [Status]) VALUES (799, 55, 378, NULL, NULL, NULL)
GO
INSERT [dbo].[StudentInClass] ([StudentInClassID], [ClassID], [StudentID], [EnrollDate], [IsSupervisor], [Status]) VALUES (800, 55, 379, NULL, NULL, NULL)
INSERT [dbo].[StudentInClass] ([StudentInClassID], [ClassID], [StudentID], [EnrollDate], [IsSupervisor], [Status]) VALUES (801, 55, 380, NULL, NULL, NULL)
INSERT [dbo].[StudentInClass] ([StudentInClassID], [ClassID], [StudentID], [EnrollDate], [IsSupervisor], [Status]) VALUES (802, 56, 381, NULL, NULL, NULL)
INSERT [dbo].[StudentInClass] ([StudentInClassID], [ClassID], [StudentID], [EnrollDate], [IsSupervisor], [Status]) VALUES (803, 56, 382, NULL, NULL, NULL)
INSERT [dbo].[StudentInClass] ([StudentInClassID], [ClassID], [StudentID], [EnrollDate], [IsSupervisor], [Status]) VALUES (804, 56, 383, NULL, NULL, NULL)
INSERT [dbo].[StudentInClass] ([StudentInClassID], [ClassID], [StudentID], [EnrollDate], [IsSupervisor], [Status]) VALUES (805, 56, 384, NULL, NULL, NULL)
INSERT [dbo].[StudentInClass] ([StudentInClassID], [ClassID], [StudentID], [EnrollDate], [IsSupervisor], [Status]) VALUES (806, 56, 385, NULL, NULL, NULL)
INSERT [dbo].[StudentInClass] ([StudentInClassID], [ClassID], [StudentID], [EnrollDate], [IsSupervisor], [Status]) VALUES (807, 56, 386, NULL, NULL, NULL)
INSERT [dbo].[StudentInClass] ([StudentInClassID], [ClassID], [StudentID], [EnrollDate], [IsSupervisor], [Status]) VALUES (808, 57, 387, NULL, NULL, NULL)
INSERT [dbo].[StudentInClass] ([StudentInClassID], [ClassID], [StudentID], [EnrollDate], [IsSupervisor], [Status]) VALUES (809, 57, 388, NULL, NULL, NULL)
INSERT [dbo].[StudentInClass] ([StudentInClassID], [ClassID], [StudentID], [EnrollDate], [IsSupervisor], [Status]) VALUES (810, 57, 389, NULL, NULL, NULL)
INSERT [dbo].[StudentInClass] ([StudentInClassID], [ClassID], [StudentID], [EnrollDate], [IsSupervisor], [Status]) VALUES (811, 57, 390, NULL, NULL, NULL)
INSERT [dbo].[StudentInClass] ([StudentInClassID], [ClassID], [StudentID], [EnrollDate], [IsSupervisor], [Status]) VALUES (812, 57, 391, NULL, NULL, NULL)
INSERT [dbo].[StudentInClass] ([StudentInClassID], [ClassID], [StudentID], [EnrollDate], [IsSupervisor], [Status]) VALUES (813, 57, 392, NULL, NULL, NULL)
INSERT [dbo].[StudentInClass] ([StudentInClassID], [ClassID], [StudentID], [EnrollDate], [IsSupervisor], [Status]) VALUES (814, 58, 393, NULL, NULL, NULL)
INSERT [dbo].[StudentInClass] ([StudentInClassID], [ClassID], [StudentID], [EnrollDate], [IsSupervisor], [Status]) VALUES (815, 58, 394, NULL, NULL, NULL)
INSERT [dbo].[StudentInClass] ([StudentInClassID], [ClassID], [StudentID], [EnrollDate], [IsSupervisor], [Status]) VALUES (816, 58, 395, NULL, NULL, NULL)
INSERT [dbo].[StudentInClass] ([StudentInClassID], [ClassID], [StudentID], [EnrollDate], [IsSupervisor], [Status]) VALUES (817, 58, 396, NULL, NULL, NULL)
INSERT [dbo].[StudentInClass] ([StudentInClassID], [ClassID], [StudentID], [EnrollDate], [IsSupervisor], [Status]) VALUES (818, 58, 397, NULL, NULL, NULL)
INSERT [dbo].[StudentInClass] ([StudentInClassID], [ClassID], [StudentID], [EnrollDate], [IsSupervisor], [Status]) VALUES (819, 58, 398, NULL, NULL, NULL)
INSERT [dbo].[StudentInClass] ([StudentInClassID], [ClassID], [StudentID], [EnrollDate], [IsSupervisor], [Status]) VALUES (820, 59, 399, NULL, NULL, NULL)
INSERT [dbo].[StudentInClass] ([StudentInClassID], [ClassID], [StudentID], [EnrollDate], [IsSupervisor], [Status]) VALUES (821, 59, 400, NULL, NULL, NULL)
INSERT [dbo].[StudentInClass] ([StudentInClassID], [ClassID], [StudentID], [EnrollDate], [IsSupervisor], [Status]) VALUES (822, 59, 401, NULL, NULL, NULL)
INSERT [dbo].[StudentInClass] ([StudentInClassID], [ClassID], [StudentID], [EnrollDate], [IsSupervisor], [Status]) VALUES (823, 59, 402, NULL, NULL, NULL)
INSERT [dbo].[StudentInClass] ([StudentInClassID], [ClassID], [StudentID], [EnrollDate], [IsSupervisor], [Status]) VALUES (824, 59, 403, NULL, NULL, NULL)
INSERT [dbo].[StudentInClass] ([StudentInClassID], [ClassID], [StudentID], [EnrollDate], [IsSupervisor], [Status]) VALUES (825, 59, 404, NULL, NULL, NULL)
INSERT [dbo].[StudentInClass] ([StudentInClassID], [ClassID], [StudentID], [EnrollDate], [IsSupervisor], [Status]) VALUES (826, 60, 405, NULL, NULL, NULL)
INSERT [dbo].[StudentInClass] ([StudentInClassID], [ClassID], [StudentID], [EnrollDate], [IsSupervisor], [Status]) VALUES (827, 60, 406, NULL, NULL, NULL)
INSERT [dbo].[StudentInClass] ([StudentInClassID], [ClassID], [StudentID], [EnrollDate], [IsSupervisor], [Status]) VALUES (828, 60, 407, NULL, NULL, NULL)
INSERT [dbo].[StudentInClass] ([StudentInClassID], [ClassID], [StudentID], [EnrollDate], [IsSupervisor], [Status]) VALUES (829, 60, 408, NULL, NULL, NULL)
INSERT [dbo].[StudentInClass] ([StudentInClassID], [ClassID], [StudentID], [EnrollDate], [IsSupervisor], [Status]) VALUES (830, 60, 409, NULL, NULL, NULL)
INSERT [dbo].[StudentInClass] ([StudentInClassID], [ClassID], [StudentID], [EnrollDate], [IsSupervisor], [Status]) VALUES (831, 60, 410, NULL, NULL, NULL)
INSERT [dbo].[StudentInClass] ([StudentInClassID], [ClassID], [StudentID], [EnrollDate], [IsSupervisor], [Status]) VALUES (832, 61, 411, NULL, NULL, NULL)
INSERT [dbo].[StudentInClass] ([StudentInClassID], [ClassID], [StudentID], [EnrollDate], [IsSupervisor], [Status]) VALUES (833, 61, 412, NULL, NULL, NULL)
INSERT [dbo].[StudentInClass] ([StudentInClassID], [ClassID], [StudentID], [EnrollDate], [IsSupervisor], [Status]) VALUES (834, 61, 413, NULL, NULL, NULL)
INSERT [dbo].[StudentInClass] ([StudentInClassID], [ClassID], [StudentID], [EnrollDate], [IsSupervisor], [Status]) VALUES (835, 61, 414, NULL, NULL, NULL)
INSERT [dbo].[StudentInClass] ([StudentInClassID], [ClassID], [StudentID], [EnrollDate], [IsSupervisor], [Status]) VALUES (836, 61, 415, NULL, NULL, NULL)
INSERT [dbo].[StudentInClass] ([StudentInClassID], [ClassID], [StudentID], [EnrollDate], [IsSupervisor], [Status]) VALUES (837, 61, 416, NULL, NULL, NULL)
INSERT [dbo].[StudentInClass] ([StudentInClassID], [ClassID], [StudentID], [EnrollDate], [IsSupervisor], [Status]) VALUES (838, 62, 417, NULL, NULL, NULL)
INSERT [dbo].[StudentInClass] ([StudentInClassID], [ClassID], [StudentID], [EnrollDate], [IsSupervisor], [Status]) VALUES (839, 62, 418, NULL, NULL, NULL)
INSERT [dbo].[StudentInClass] ([StudentInClassID], [ClassID], [StudentID], [EnrollDate], [IsSupervisor], [Status]) VALUES (840, 62, 419, NULL, NULL, NULL)
INSERT [dbo].[StudentInClass] ([StudentInClassID], [ClassID], [StudentID], [EnrollDate], [IsSupervisor], [Status]) VALUES (841, 62, 420, NULL, NULL, NULL)
INSERT [dbo].[StudentInClass] ([StudentInClassID], [ClassID], [StudentID], [EnrollDate], [IsSupervisor], [Status]) VALUES (842, 62, 421, NULL, NULL, NULL)
INSERT [dbo].[StudentInClass] ([StudentInClassID], [ClassID], [StudentID], [EnrollDate], [IsSupervisor], [Status]) VALUES (843, 62, 422, NULL, NULL, NULL)
INSERT [dbo].[StudentInClass] ([StudentInClassID], [ClassID], [StudentID], [EnrollDate], [IsSupervisor], [Status]) VALUES (844, 63, 423, NULL, NULL, NULL)
INSERT [dbo].[StudentInClass] ([StudentInClassID], [ClassID], [StudentID], [EnrollDate], [IsSupervisor], [Status]) VALUES (845, 63, 424, NULL, NULL, NULL)
INSERT [dbo].[StudentInClass] ([StudentInClassID], [ClassID], [StudentID], [EnrollDate], [IsSupervisor], [Status]) VALUES (846, 63, 425, NULL, NULL, NULL)
INSERT [dbo].[StudentInClass] ([StudentInClassID], [ClassID], [StudentID], [EnrollDate], [IsSupervisor], [Status]) VALUES (847, 63, 426, NULL, NULL, NULL)
INSERT [dbo].[StudentInClass] ([StudentInClassID], [ClassID], [StudentID], [EnrollDate], [IsSupervisor], [Status]) VALUES (848, 63, 427, NULL, NULL, NULL)
INSERT [dbo].[StudentInClass] ([StudentInClassID], [ClassID], [StudentID], [EnrollDate], [IsSupervisor], [Status]) VALUES (849, 63, 428, NULL, NULL, NULL)
INSERT [dbo].[StudentInClass] ([StudentInClassID], [ClassID], [StudentID], [EnrollDate], [IsSupervisor], [Status]) VALUES (850, 64, 429, NULL, NULL, NULL)
INSERT [dbo].[StudentInClass] ([StudentInClassID], [ClassID], [StudentID], [EnrollDate], [IsSupervisor], [Status]) VALUES (851, 64, 430, NULL, NULL, NULL)
INSERT [dbo].[StudentInClass] ([StudentInClassID], [ClassID], [StudentID], [EnrollDate], [IsSupervisor], [Status]) VALUES (852, 64, 431, NULL, NULL, NULL)
INSERT [dbo].[StudentInClass] ([StudentInClassID], [ClassID], [StudentID], [EnrollDate], [IsSupervisor], [Status]) VALUES (853, 64, 432, NULL, NULL, NULL)
INSERT [dbo].[StudentInClass] ([StudentInClassID], [ClassID], [StudentID], [EnrollDate], [IsSupervisor], [Status]) VALUES (854, 64, 433, NULL, NULL, NULL)
INSERT [dbo].[StudentInClass] ([StudentInClassID], [ClassID], [StudentID], [EnrollDate], [IsSupervisor], [Status]) VALUES (855, 64, 434, NULL, NULL, NULL)
INSERT [dbo].[StudentInClass] ([StudentInClassID], [ClassID], [StudentID], [EnrollDate], [IsSupervisor], [Status]) VALUES (856, 65, 435, NULL, NULL, NULL)
INSERT [dbo].[StudentInClass] ([StudentInClassID], [ClassID], [StudentID], [EnrollDate], [IsSupervisor], [Status]) VALUES (857, 65, 436, NULL, NULL, NULL)
INSERT [dbo].[StudentInClass] ([StudentInClassID], [ClassID], [StudentID], [EnrollDate], [IsSupervisor], [Status]) VALUES (858, 65, 437, NULL, NULL, NULL)
INSERT [dbo].[StudentInClass] ([StudentInClassID], [ClassID], [StudentID], [EnrollDate], [IsSupervisor], [Status]) VALUES (859, 65, 438, NULL, NULL, NULL)
INSERT [dbo].[StudentInClass] ([StudentInClassID], [ClassID], [StudentID], [EnrollDate], [IsSupervisor], [Status]) VALUES (860, 65, 439, NULL, NULL, NULL)
INSERT [dbo].[StudentInClass] ([StudentInClassID], [ClassID], [StudentID], [EnrollDate], [IsSupervisor], [Status]) VALUES (861, 65, 440, NULL, NULL, NULL)
INSERT [dbo].[StudentInClass] ([StudentInClassID], [ClassID], [StudentID], [EnrollDate], [IsSupervisor], [Status]) VALUES (862, 66, 441, NULL, NULL, NULL)
INSERT [dbo].[StudentInClass] ([StudentInClassID], [ClassID], [StudentID], [EnrollDate], [IsSupervisor], [Status]) VALUES (863, 66, 442, NULL, NULL, NULL)
INSERT [dbo].[StudentInClass] ([StudentInClassID], [ClassID], [StudentID], [EnrollDate], [IsSupervisor], [Status]) VALUES (864, 66, 443, NULL, NULL, NULL)
INSERT [dbo].[StudentInClass] ([StudentInClassID], [ClassID], [StudentID], [EnrollDate], [IsSupervisor], [Status]) VALUES (865, 66, 444, NULL, NULL, NULL)
INSERT [dbo].[StudentInClass] ([StudentInClassID], [ClassID], [StudentID], [EnrollDate], [IsSupervisor], [Status]) VALUES (866, 66, 445, NULL, NULL, NULL)
INSERT [dbo].[StudentInClass] ([StudentInClassID], [ClassID], [StudentID], [EnrollDate], [IsSupervisor], [Status]) VALUES (867, 66, 446, NULL, NULL, NULL)
INSERT [dbo].[StudentInClass] ([StudentInClassID], [ClassID], [StudentID], [EnrollDate], [IsSupervisor], [Status]) VALUES (868, 67, 447, NULL, NULL, NULL)
INSERT [dbo].[StudentInClass] ([StudentInClassID], [ClassID], [StudentID], [EnrollDate], [IsSupervisor], [Status]) VALUES (869, 67, 448, NULL, NULL, NULL)
INSERT [dbo].[StudentInClass] ([StudentInClassID], [ClassID], [StudentID], [EnrollDate], [IsSupervisor], [Status]) VALUES (870, 67, 449, NULL, NULL, NULL)
INSERT [dbo].[StudentInClass] ([StudentInClassID], [ClassID], [StudentID], [EnrollDate], [IsSupervisor], [Status]) VALUES (871, 67, 450, NULL, NULL, NULL)
INSERT [dbo].[StudentInClass] ([StudentInClassID], [ClassID], [StudentID], [EnrollDate], [IsSupervisor], [Status]) VALUES (872, 67, 451, NULL, NULL, NULL)
INSERT [dbo].[StudentInClass] ([StudentInClassID], [ClassID], [StudentID], [EnrollDate], [IsSupervisor], [Status]) VALUES (873, 67, 452, NULL, NULL, NULL)
INSERT [dbo].[StudentInClass] ([StudentInClassID], [ClassID], [StudentID], [EnrollDate], [IsSupervisor], [Status]) VALUES (874, 68, 453, NULL, NULL, NULL)
INSERT [dbo].[StudentInClass] ([StudentInClassID], [ClassID], [StudentID], [EnrollDate], [IsSupervisor], [Status]) VALUES (875, 68, 454, NULL, NULL, NULL)
INSERT [dbo].[StudentInClass] ([StudentInClassID], [ClassID], [StudentID], [EnrollDate], [IsSupervisor], [Status]) VALUES (876, 68, 455, NULL, NULL, NULL)
INSERT [dbo].[StudentInClass] ([StudentInClassID], [ClassID], [StudentID], [EnrollDate], [IsSupervisor], [Status]) VALUES (877, 68, 456, NULL, NULL, NULL)
INSERT [dbo].[StudentInClass] ([StudentInClassID], [ClassID], [StudentID], [EnrollDate], [IsSupervisor], [Status]) VALUES (878, 68, 457, NULL, NULL, NULL)
INSERT [dbo].[StudentInClass] ([StudentInClassID], [ClassID], [StudentID], [EnrollDate], [IsSupervisor], [Status]) VALUES (879, 68, 458, NULL, NULL, NULL)
INSERT [dbo].[StudentInClass] ([StudentInClassID], [ClassID], [StudentID], [EnrollDate], [IsSupervisor], [Status]) VALUES (880, 69, 459, NULL, NULL, NULL)
INSERT [dbo].[StudentInClass] ([StudentInClassID], [ClassID], [StudentID], [EnrollDate], [IsSupervisor], [Status]) VALUES (881, 69, 460, NULL, NULL, NULL)
INSERT [dbo].[StudentInClass] ([StudentInClassID], [ClassID], [StudentID], [EnrollDate], [IsSupervisor], [Status]) VALUES (882, 69, 461, NULL, NULL, NULL)
INSERT [dbo].[StudentInClass] ([StudentInClassID], [ClassID], [StudentID], [EnrollDate], [IsSupervisor], [Status]) VALUES (883, 69, 462, NULL, NULL, NULL)
INSERT [dbo].[StudentInClass] ([StudentInClassID], [ClassID], [StudentID], [EnrollDate], [IsSupervisor], [Status]) VALUES (884, 69, 463, NULL, NULL, NULL)
INSERT [dbo].[StudentInClass] ([StudentInClassID], [ClassID], [StudentID], [EnrollDate], [IsSupervisor], [Status]) VALUES (885, 69, 464, NULL, NULL, NULL)
INSERT [dbo].[StudentInClass] ([StudentInClassID], [ClassID], [StudentID], [EnrollDate], [IsSupervisor], [Status]) VALUES (886, 70, 465, NULL, NULL, NULL)
INSERT [dbo].[StudentInClass] ([StudentInClassID], [ClassID], [StudentID], [EnrollDate], [IsSupervisor], [Status]) VALUES (887, 70, 466, NULL, NULL, NULL)
INSERT [dbo].[StudentInClass] ([StudentInClassID], [ClassID], [StudentID], [EnrollDate], [IsSupervisor], [Status]) VALUES (888, 70, 467, NULL, NULL, NULL)
INSERT [dbo].[StudentInClass] ([StudentInClassID], [ClassID], [StudentID], [EnrollDate], [IsSupervisor], [Status]) VALUES (889, 70, 468, NULL, NULL, NULL)
INSERT [dbo].[StudentInClass] ([StudentInClassID], [ClassID], [StudentID], [EnrollDate], [IsSupervisor], [Status]) VALUES (890, 70, 469, NULL, NULL, NULL)
INSERT [dbo].[StudentInClass] ([StudentInClassID], [ClassID], [StudentID], [EnrollDate], [IsSupervisor], [Status]) VALUES (891, 70, 470, NULL, NULL, NULL)
INSERT [dbo].[StudentInClass] ([StudentInClassID], [ClassID], [StudentID], [EnrollDate], [IsSupervisor], [Status]) VALUES (892, 71, 471, NULL, NULL, NULL)
INSERT [dbo].[StudentInClass] ([StudentInClassID], [ClassID], [StudentID], [EnrollDate], [IsSupervisor], [Status]) VALUES (893, 71, 472, NULL, NULL, NULL)
INSERT [dbo].[StudentInClass] ([StudentInClassID], [ClassID], [StudentID], [EnrollDate], [IsSupervisor], [Status]) VALUES (894, 71, 473, NULL, NULL, NULL)
INSERT [dbo].[StudentInClass] ([StudentInClassID], [ClassID], [StudentID], [EnrollDate], [IsSupervisor], [Status]) VALUES (895, 71, 474, NULL, NULL, NULL)
INSERT [dbo].[StudentInClass] ([StudentInClassID], [ClassID], [StudentID], [EnrollDate], [IsSupervisor], [Status]) VALUES (896, 71, 475, NULL, NULL, NULL)
INSERT [dbo].[StudentInClass] ([StudentInClassID], [ClassID], [StudentID], [EnrollDate], [IsSupervisor], [Status]) VALUES (897, 71, 476, NULL, NULL, NULL)
INSERT [dbo].[StudentInClass] ([StudentInClassID], [ClassID], [StudentID], [EnrollDate], [IsSupervisor], [Status]) VALUES (898, 72, 477, NULL, NULL, NULL)
INSERT [dbo].[StudentInClass] ([StudentInClassID], [ClassID], [StudentID], [EnrollDate], [IsSupervisor], [Status]) VALUES (899, 72, 478, NULL, NULL, NULL)
GO
INSERT [dbo].[StudentInClass] ([StudentInClassID], [ClassID], [StudentID], [EnrollDate], [IsSupervisor], [Status]) VALUES (900, 72, 479, NULL, NULL, NULL)
INSERT [dbo].[StudentInClass] ([StudentInClassID], [ClassID], [StudentID], [EnrollDate], [IsSupervisor], [Status]) VALUES (901, 72, 480, NULL, NULL, NULL)
INSERT [dbo].[StudentInClass] ([StudentInClassID], [ClassID], [StudentID], [EnrollDate], [IsSupervisor], [Status]) VALUES (902, 72, 481, NULL, NULL, NULL)
INSERT [dbo].[StudentInClass] ([StudentInClassID], [ClassID], [StudentID], [EnrollDate], [IsSupervisor], [Status]) VALUES (903, 72, 482, NULL, NULL, NULL)
INSERT [dbo].[StudentInClass] ([StudentInClassID], [ClassID], [StudentID], [EnrollDate], [IsSupervisor], [Status]) VALUES (904, 73, 483, NULL, NULL, NULL)
INSERT [dbo].[StudentInClass] ([StudentInClassID], [ClassID], [StudentID], [EnrollDate], [IsSupervisor], [Status]) VALUES (905, 73, 484, NULL, NULL, NULL)
INSERT [dbo].[StudentInClass] ([StudentInClassID], [ClassID], [StudentID], [EnrollDate], [IsSupervisor], [Status]) VALUES (906, 73, 485, NULL, NULL, NULL)
INSERT [dbo].[StudentInClass] ([StudentInClassID], [ClassID], [StudentID], [EnrollDate], [IsSupervisor], [Status]) VALUES (907, 73, 486, NULL, NULL, NULL)
INSERT [dbo].[StudentInClass] ([StudentInClassID], [ClassID], [StudentID], [EnrollDate], [IsSupervisor], [Status]) VALUES (908, 73, 487, NULL, NULL, NULL)
INSERT [dbo].[StudentInClass] ([StudentInClassID], [ClassID], [StudentID], [EnrollDate], [IsSupervisor], [Status]) VALUES (909, 73, 488, NULL, NULL, NULL)
INSERT [dbo].[StudentInClass] ([StudentInClassID], [ClassID], [StudentID], [EnrollDate], [IsSupervisor], [Status]) VALUES (910, 74, 489, NULL, NULL, NULL)
INSERT [dbo].[StudentInClass] ([StudentInClassID], [ClassID], [StudentID], [EnrollDate], [IsSupervisor], [Status]) VALUES (911, 74, 490, NULL, NULL, NULL)
INSERT [dbo].[StudentInClass] ([StudentInClassID], [ClassID], [StudentID], [EnrollDate], [IsSupervisor], [Status]) VALUES (912, 74, 491, NULL, NULL, NULL)
INSERT [dbo].[StudentInClass] ([StudentInClassID], [ClassID], [StudentID], [EnrollDate], [IsSupervisor], [Status]) VALUES (913, 74, 492, NULL, NULL, NULL)
INSERT [dbo].[StudentInClass] ([StudentInClassID], [ClassID], [StudentID], [EnrollDate], [IsSupervisor], [Status]) VALUES (914, 74, 493, NULL, NULL, NULL)
INSERT [dbo].[StudentInClass] ([StudentInClassID], [ClassID], [StudentID], [EnrollDate], [IsSupervisor], [Status]) VALUES (915, 74, 494, NULL, NULL, NULL)
INSERT [dbo].[StudentInClass] ([StudentInClassID], [ClassID], [StudentID], [EnrollDate], [IsSupervisor], [Status]) VALUES (916, 75, 495, NULL, NULL, NULL)
INSERT [dbo].[StudentInClass] ([StudentInClassID], [ClassID], [StudentID], [EnrollDate], [IsSupervisor], [Status]) VALUES (917, 75, 496, NULL, NULL, NULL)
INSERT [dbo].[StudentInClass] ([StudentInClassID], [ClassID], [StudentID], [EnrollDate], [IsSupervisor], [Status]) VALUES (918, 75, 497, NULL, NULL, NULL)
INSERT [dbo].[StudentInClass] ([StudentInClassID], [ClassID], [StudentID], [EnrollDate], [IsSupervisor], [Status]) VALUES (919, 75, 498, NULL, NULL, NULL)
INSERT [dbo].[StudentInClass] ([StudentInClassID], [ClassID], [StudentID], [EnrollDate], [IsSupervisor], [Status]) VALUES (920, 75, 499, NULL, NULL, NULL)
INSERT [dbo].[StudentInClass] ([StudentInClassID], [ClassID], [StudentID], [EnrollDate], [IsSupervisor], [Status]) VALUES (921, 75, 500, NULL, NULL, NULL)
INSERT [dbo].[StudentInClass] ([StudentInClassID], [ClassID], [StudentID], [EnrollDate], [IsSupervisor], [Status]) VALUES (922, 46, 1, NULL, NULL, NULL)
INSERT [dbo].[StudentInClass] ([StudentInClassID], [ClassID], [StudentID], [EnrollDate], [IsSupervisor], [Status]) VALUES (923, 67, 2, NULL, NULL, NULL)
INSERT [dbo].[StudentInClass] ([StudentInClassID], [ClassID], [StudentID], [EnrollDate], [IsSupervisor], [Status]) VALUES (924, 23, 3, NULL, NULL, NULL)
INSERT [dbo].[StudentInClass] ([StudentInClassID], [ClassID], [StudentID], [EnrollDate], [IsSupervisor], [Status]) VALUES (925, 64, 4, NULL, NULL, NULL)
INSERT [dbo].[StudentInClass] ([StudentInClassID], [ClassID], [StudentID], [EnrollDate], [IsSupervisor], [Status]) VALUES (926, 25, 5, NULL, NULL, NULL)
INSERT [dbo].[StudentInClass] ([StudentInClassID], [ClassID], [StudentID], [EnrollDate], [IsSupervisor], [Status]) VALUES (927, 34, 6, NULL, NULL, NULL)
INSERT [dbo].[StudentInClass] ([StudentInClassID], [ClassID], [StudentID], [EnrollDate], [IsSupervisor], [Status]) VALUES (928, 18, 7, NULL, NULL, NULL)
INSERT [dbo].[StudentInClass] ([StudentInClassID], [ClassID], [StudentID], [EnrollDate], [IsSupervisor], [Status]) VALUES (929, 9, 8, NULL, NULL, NULL)
INSERT [dbo].[StudentInClass] ([StudentInClassID], [ClassID], [StudentID], [EnrollDate], [IsSupervisor], [Status]) VALUES (930, 37, 9, NULL, NULL, NULL)
INSERT [dbo].[StudentInClass] ([StudentInClassID], [ClassID], [StudentID], [EnrollDate], [IsSupervisor], [Status]) VALUES (931, 8, 10, NULL, NULL, NULL)
INSERT [dbo].[StudentInClass] ([StudentInClassID], [ClassID], [StudentID], [EnrollDate], [IsSupervisor], [Status]) VALUES (932, 22, 11, NULL, NULL, NULL)
INSERT [dbo].[StudentInClass] ([StudentInClassID], [ClassID], [StudentID], [EnrollDate], [IsSupervisor], [Status]) VALUES (933, 50, 12, NULL, NULL, NULL)
INSERT [dbo].[StudentInClass] ([StudentInClassID], [ClassID], [StudentID], [EnrollDate], [IsSupervisor], [Status]) VALUES (934, 62, 13, NULL, NULL, NULL)
INSERT [dbo].[StudentInClass] ([StudentInClassID], [ClassID], [StudentID], [EnrollDate], [IsSupervisor], [Status]) VALUES (935, 44, 14, NULL, NULL, NULL)
INSERT [dbo].[StudentInClass] ([StudentInClassID], [ClassID], [StudentID], [EnrollDate], [IsSupervisor], [Status]) VALUES (936, 36, 15, NULL, NULL, NULL)
INSERT [dbo].[StudentInClass] ([StudentInClassID], [ClassID], [StudentID], [EnrollDate], [IsSupervisor], [Status]) VALUES (937, 42, 16, NULL, NULL, NULL)
INSERT [dbo].[StudentInClass] ([StudentInClassID], [ClassID], [StudentID], [EnrollDate], [IsSupervisor], [Status]) VALUES (938, 40, 17, NULL, NULL, NULL)
INSERT [dbo].[StudentInClass] ([StudentInClassID], [ClassID], [StudentID], [EnrollDate], [IsSupervisor], [Status]) VALUES (939, 15, 18, NULL, NULL, NULL)
INSERT [dbo].[StudentInClass] ([StudentInClassID], [ClassID], [StudentID], [EnrollDate], [IsSupervisor], [Status]) VALUES (940, 24, 19, NULL, NULL, NULL)
INSERT [dbo].[StudentInClass] ([StudentInClassID], [ClassID], [StudentID], [EnrollDate], [IsSupervisor], [Status]) VALUES (941, 52, 20, NULL, NULL, NULL)
INSERT [dbo].[StudentInClass] ([StudentInClassID], [ClassID], [StudentID], [EnrollDate], [IsSupervisor], [Status]) VALUES (942, 51, 21, NULL, NULL, NULL)
INSERT [dbo].[StudentInClass] ([StudentInClassID], [ClassID], [StudentID], [EnrollDate], [IsSupervisor], [Status]) VALUES (943, 35, 22, NULL, NULL, NULL)
INSERT [dbo].[StudentInClass] ([StudentInClassID], [ClassID], [StudentID], [EnrollDate], [IsSupervisor], [Status]) VALUES (944, 26, 23, NULL, NULL, NULL)
INSERT [dbo].[StudentInClass] ([StudentInClassID], [ClassID], [StudentID], [EnrollDate], [IsSupervisor], [Status]) VALUES (945, 38, 24, NULL, NULL, NULL)
INSERT [dbo].[StudentInClass] ([StudentInClassID], [ClassID], [StudentID], [EnrollDate], [IsSupervisor], [Status]) VALUES (946, 17, 25, NULL, NULL, NULL)
INSERT [dbo].[StudentInClass] ([StudentInClassID], [ClassID], [StudentID], [EnrollDate], [IsSupervisor], [Status]) VALUES (947, 72, 26, NULL, NULL, NULL)
INSERT [dbo].[StudentInClass] ([StudentInClassID], [ClassID], [StudentID], [EnrollDate], [IsSupervisor], [Status]) VALUES (948, 6, 27, NULL, NULL, NULL)
INSERT [dbo].[StudentInClass] ([StudentInClassID], [ClassID], [StudentID], [EnrollDate], [IsSupervisor], [Status]) VALUES (949, 58, 28, NULL, NULL, NULL)
INSERT [dbo].[StudentInClass] ([StudentInClassID], [ClassID], [StudentID], [EnrollDate], [IsSupervisor], [Status]) VALUES (952, 48, 501, NULL, NULL, NULL)
INSERT [dbo].[StudentInClass] ([StudentInClassID], [ClassID], [StudentID], [EnrollDate], [IsSupervisor], [Status]) VALUES (953, 67, 502, NULL, NULL, NULL)
INSERT [dbo].[StudentInClass] ([StudentInClassID], [ClassID], [StudentID], [EnrollDate], [IsSupervisor], [Status]) VALUES (954, 50, 503, NULL, NULL, NULL)
INSERT [dbo].[StudentInClass] ([StudentInClassID], [ClassID], [StudentID], [EnrollDate], [IsSupervisor], [Status]) VALUES (955, 75, 504, NULL, NULL, NULL)
INSERT [dbo].[StudentInClass] ([StudentInClassID], [ClassID], [StudentID], [EnrollDate], [IsSupervisor], [Status]) VALUES (956, 24, 505, NULL, NULL, NULL)
INSERT [dbo].[StudentInClass] ([StudentInClassID], [ClassID], [StudentID], [EnrollDate], [IsSupervisor], [Status]) VALUES (957, 32, 506, NULL, NULL, NULL)
INSERT [dbo].[StudentInClass] ([StudentInClassID], [ClassID], [StudentID], [EnrollDate], [IsSupervisor], [Status]) VALUES (958, 17, 507, NULL, NULL, NULL)
INSERT [dbo].[StudentInClass] ([StudentInClassID], [ClassID], [StudentID], [EnrollDate], [IsSupervisor], [Status]) VALUES (959, 45, 508, NULL, NULL, NULL)
INSERT [dbo].[StudentInClass] ([StudentInClassID], [ClassID], [StudentID], [EnrollDate], [IsSupervisor], [Status]) VALUES (960, 11, 509, NULL, NULL, NULL)
INSERT [dbo].[StudentInClass] ([StudentInClassID], [ClassID], [StudentID], [EnrollDate], [IsSupervisor], [Status]) VALUES (961, 69, 510, NULL, NULL, NULL)
INSERT [dbo].[StudentInClass] ([StudentInClassID], [ClassID], [StudentID], [EnrollDate], [IsSupervisor], [Status]) VALUES (962, 19, 511, NULL, NULL, NULL)
INSERT [dbo].[StudentInClass] ([StudentInClassID], [ClassID], [StudentID], [EnrollDate], [IsSupervisor], [Status]) VALUES (963, 65, 512, NULL, NULL, NULL)
INSERT [dbo].[StudentInClass] ([StudentInClassID], [ClassID], [StudentID], [EnrollDate], [IsSupervisor], [Status]) VALUES (964, 31, 513, NULL, NULL, NULL)
INSERT [dbo].[StudentInClass] ([StudentInClassID], [ClassID], [StudentID], [EnrollDate], [IsSupervisor], [Status]) VALUES (965, 35, 514, NULL, NULL, NULL)
INSERT [dbo].[StudentInClass] ([StudentInClassID], [ClassID], [StudentID], [EnrollDate], [IsSupervisor], [Status]) VALUES (966, 12, 515, NULL, NULL, NULL)
INSERT [dbo].[StudentInClass] ([StudentInClassID], [ClassID], [StudentID], [EnrollDate], [IsSupervisor], [Status]) VALUES (967, 43, 516, NULL, NULL, NULL)
INSERT [dbo].[StudentInClass] ([StudentInClassID], [ClassID], [StudentID], [EnrollDate], [IsSupervisor], [Status]) VALUES (968, 39, 517, NULL, NULL, NULL)
INSERT [dbo].[StudentInClass] ([StudentInClassID], [ClassID], [StudentID], [EnrollDate], [IsSupervisor], [Status]) VALUES (969, 10, 518, NULL, NULL, NULL)
INSERT [dbo].[StudentInClass] ([StudentInClassID], [ClassID], [StudentID], [EnrollDate], [IsSupervisor], [Status]) VALUES (970, 16, 519, NULL, NULL, NULL)
INSERT [dbo].[StudentInClass] ([StudentInClassID], [ClassID], [StudentID], [EnrollDate], [IsSupervisor], [Status]) VALUES (971, 73, 520, NULL, NULL, NULL)
INSERT [dbo].[StudentInClass] ([StudentInClassID], [ClassID], [StudentID], [EnrollDate], [IsSupervisor], [Status]) VALUES (972, 21, 521, NULL, NULL, NULL)
INSERT [dbo].[StudentInClass] ([StudentInClassID], [ClassID], [StudentID], [EnrollDate], [IsSupervisor], [Status]) VALUES (973, 49, 522, NULL, NULL, NULL)
INSERT [dbo].[StudentInClass] ([StudentInClassID], [ClassID], [StudentID], [EnrollDate], [IsSupervisor], [Status]) VALUES (974, 28, 523, NULL, NULL, NULL)
INSERT [dbo].[StudentInClass] ([StudentInClassID], [ClassID], [StudentID], [EnrollDate], [IsSupervisor], [Status]) VALUES (975, 68, 524, NULL, NULL, NULL)
INSERT [dbo].[StudentInClass] ([StudentInClassID], [ClassID], [StudentID], [EnrollDate], [IsSupervisor], [Status]) VALUES (976, 74, 525, NULL, NULL, NULL)
INSERT [dbo].[StudentInClass] ([StudentInClassID], [ClassID], [StudentID], [EnrollDate], [IsSupervisor], [Status]) VALUES (977, 15, 526, NULL, NULL, NULL)
INSERT [dbo].[StudentInClass] ([StudentInClassID], [ClassID], [StudentID], [EnrollDate], [IsSupervisor], [Status]) VALUES (978, 9, 527, NULL, NULL, NULL)
INSERT [dbo].[StudentInClass] ([StudentInClassID], [ClassID], [StudentID], [EnrollDate], [IsSupervisor], [Status]) VALUES (979, 64, 528, NULL, NULL, NULL)
INSERT [dbo].[StudentInClass] ([StudentInClassID], [ClassID], [StudentID], [EnrollDate], [IsSupervisor], [Status]) VALUES (980, 55, 529, NULL, NULL, NULL)
INSERT [dbo].[StudentInClass] ([StudentInClassID], [ClassID], [StudentID], [EnrollDate], [IsSupervisor], [Status]) VALUES (981, 26, 530, NULL, NULL, NULL)
INSERT [dbo].[StudentInClass] ([StudentInClassID], [ClassID], [StudentID], [EnrollDate], [IsSupervisor], [Status]) VALUES (982, 29, 531, NULL, NULL, NULL)
INSERT [dbo].[StudentInClass] ([StudentInClassID], [ClassID], [StudentID], [EnrollDate], [IsSupervisor], [Status]) VALUES (983, 79, 532, NULL, NULL, NULL)
INSERT [dbo].[StudentInClass] ([StudentInClassID], [ClassID], [StudentID], [EnrollDate], [IsSupervisor], [Status]) VALUES (984, 78, 533, NULL, NULL, NULL)
INSERT [dbo].[StudentInClass] ([StudentInClassID], [ClassID], [StudentID], [EnrollDate], [IsSupervisor], [Status]) VALUES (985, 72, 534, NULL, NULL, NULL)
INSERT [dbo].[StudentInClass] ([StudentInClassID], [ClassID], [StudentID], [EnrollDate], [IsSupervisor], [Status]) VALUES (986, 57, 535, NULL, NULL, NULL)
INSERT [dbo].[StudentInClass] ([StudentInClassID], [ClassID], [StudentID], [EnrollDate], [IsSupervisor], [Status]) VALUES (987, 18, 536, NULL, NULL, NULL)
INSERT [dbo].[StudentInClass] ([StudentInClassID], [ClassID], [StudentID], [EnrollDate], [IsSupervisor], [Status]) VALUES (988, 71, 537, NULL, NULL, NULL)
INSERT [dbo].[StudentInClass] ([StudentInClassID], [ClassID], [StudentID], [EnrollDate], [IsSupervisor], [Status]) VALUES (989, 46, 538, NULL, NULL, NULL)
INSERT [dbo].[StudentInClass] ([StudentInClassID], [ClassID], [StudentID], [EnrollDate], [IsSupervisor], [Status]) VALUES (990, 51, 539, NULL, NULL, NULL)
INSERT [dbo].[StudentInClass] ([StudentInClassID], [ClassID], [StudentID], [EnrollDate], [IsSupervisor], [Status]) VALUES (991, 25, 540, NULL, NULL, NULL)
INSERT [dbo].[StudentInClass] ([StudentInClassID], [ClassID], [StudentID], [EnrollDate], [IsSupervisor], [Status]) VALUES (992, 22, 541, NULL, NULL, NULL)
INSERT [dbo].[StudentInClass] ([StudentInClassID], [ClassID], [StudentID], [EnrollDate], [IsSupervisor], [Status]) VALUES (993, 60, 542, NULL, NULL, NULL)
INSERT [dbo].[StudentInClass] ([StudentInClassID], [ClassID], [StudentID], [EnrollDate], [IsSupervisor], [Status]) VALUES (994, 53, 543, NULL, NULL, NULL)
INSERT [dbo].[StudentInClass] ([StudentInClassID], [ClassID], [StudentID], [EnrollDate], [IsSupervisor], [Status]) VALUES (995, 70, 544, NULL, NULL, NULL)
INSERT [dbo].[StudentInClass] ([StudentInClassID], [ClassID], [StudentID], [EnrollDate], [IsSupervisor], [Status]) VALUES (996, 37, 545, NULL, NULL, NULL)
INSERT [dbo].[StudentInClass] ([StudentInClassID], [ClassID], [StudentID], [EnrollDate], [IsSupervisor], [Status]) VALUES (997, 40, 546, NULL, NULL, NULL)
INSERT [dbo].[StudentInClass] ([StudentInClassID], [ClassID], [StudentID], [EnrollDate], [IsSupervisor], [Status]) VALUES (998, 58, 547, NULL, NULL, NULL)
INSERT [dbo].[StudentInClass] ([StudentInClassID], [ClassID], [StudentID], [EnrollDate], [IsSupervisor], [Status]) VALUES (999, 52, 548, NULL, NULL, NULL)
INSERT [dbo].[StudentInClass] ([StudentInClassID], [ClassID], [StudentID], [EnrollDate], [IsSupervisor], [Status]) VALUES (1000, 61, 549, NULL, NULL, NULL)
INSERT [dbo].[StudentInClass] ([StudentInClassID], [ClassID], [StudentID], [EnrollDate], [IsSupervisor], [Status]) VALUES (1001, 34, 550, NULL, NULL, NULL)
GO
INSERT [dbo].[StudentInClass] ([StudentInClassID], [ClassID], [StudentID], [EnrollDate], [IsSupervisor], [Status]) VALUES (1002, 36, 551, NULL, NULL, NULL)
SET IDENTITY_INSERT [dbo].[StudentInClass] OFF